Date,Close
1/2/01,400.9
1/3/01,401.68
1/4/01,400.51
1/5/01,401.92
1/8/01,400.42
1/9/01,399.73
1/10/01,395.55
1/11/01,394.5
1/12/01,395.89
1/16/01,396.72
1/17/01,397.82
1/18/01,399.7
1/19/01,399.79
1/22/01,400.42
1/23/01,402.09
1/24/01,399.79
1/25/01,398.82
1/26/01,395.49
1/29/01,394.42
1/30/01,398.83
1/31/01,398.02
2/1/01,401.11
2/2/01,399.61
2/5/01,399.76
2/6/01,397.91
2/7/01,396.8
2/8/01,392.9
2/9/01,392.66
2/12/01,396.74
2/13/01,396.13
2/14/01,396.45
2/15/01,390.12
2/16/01,397.66
2/20/01,394.49
2/21/01,396.62
2/22/01,397.88
2/23/01,401.2
2/26/01,406.3
2/27/01,409.18
2/28/01,409.89
3/1/01,410.46
3/2/01,404.85
3/5/01,406.22
3/6/01,399.66
3/7/01,405.15
3/8/01,410.26
3/9/01,419.07
3/12/01,421.48
3/13/01,411.92
3/14/01,408.81
3/15/01,405.62
3/16/01,405.05
3/19/01,406.89
3/20/01,407.8
3/21/01,412.64
3/22/01,410.34
3/23/01,409.17
3/26/01,407.82
3/27/01,409.28
3/28/01,406.35
3/29/01,407.3
3/30/01,406.59
4/2/01,404.24
4/3/01,404.92
4/4/01,406.67
4/5/01,406.2
4/6/01,406.82
4/9/01,404.16
4/10/01,400.34
4/11/01,404.28
4/12/01,406.41
4/16/01,411.34
4/17/01,408.54
4/18/01,408.73
4/19/01,410.81
4/20/01,409.15
4/23/01,408.39
4/24/01,408.25
4/25/01,406.38
4/26/01,407.9
4/27/01,407.06
4/30/01,405.34
5/1/01,405.27
5/2/01,406.56
5/3/01,408.25
5/4/01,408.57
5/7/01,410.39
5/8/01,408.85
5/9/01,415.51
5/10/01,415.28
5/11/01,415.48
5/14/01,416.68
5/15/01,414.44
5/16/01,418.65
5/17/01,420.34
5/18/01,440.87
5/21/01,438.74
5/22/01,439.22
5/23/01,439.96
5/24/01,431.64
5/25/01,429.52
5/29/01,420.71
5/30/01,410.09
5/31/01,408.15
6/1/01,409.34
6/5/01,406.83
6/6/01,404.85
6/7/01,404.75
6/8/01,414.87
6/11/01,407.08
6/12/01,413.87
6/13/01,412.56
6/14/01,418.64
6/15/01,413.35
6/18/01,417.86
6/19/01,419.45
6/20/01,417.66
6/21/01,415.3
6/22/01,414.59
6/25/01,415.39
6/26/01,419.06
6/27/01,412.84
6/28/01,410.02
6/29/01,409.88
7/2/01,407.93
7/3/01,404.35
7/5/01,400.57
7/6/01,404.9
7/9/01,405.51
7/10/01,404.62
7/11/01,409.49
7/12/01,407.65
7/13/01,410.42
7/16/01,410.49
7/17/01,412.46
7/18/01,415.74
7/19/01,415.1
7/20/01,416.58
7/23/01,415.33
7/24/01,415.43
7/25/01,411.4
7/26/01,408.34
7/27/01,409.56
7/30/01,404.83
7/31/01,408.22
8/1/01,410.88
8/2/01,410.31
8/3/01,409.63
8/6/01,407.48
8/7/01,410.32
8/8/01,411.02
8/9/01,420.87
8/10/01,421.64
8/13/01,424.09
8/14/01,424.29
8/15/01,421.11
8/16/01,423.25
8/17/01,430.95
8/20/01,426.61
8/21/01,425.83
8/22/01,423.71
8/23/01,424.06
8/24/01,419.49
8/27/01,419.9
8/28/01,419.12
8/29/01,423.03
8/30/01,425.53
8/31/01,425.69
9/4/01,423.38
9/5/01,423.41
9/6/01,425.17
9/7/01,427.59
9/10/01,424.57
9/11/01,424.97
9/14/01,454.01
9/17/01,455.09
9/18/01,452.99
9/19/01,457.4
9/20/01,454.33
9/21/01,458.75
9/24/01,454.93
9/25/01,456.26
9/26/01,461.16
9/27/01,460.31
9/28/01,461.85
10/1/01,459.43
10/2/01,454.53
10/3/01,455.76
10/4/01,455.97
10/5/01,455.24
10/8/01,456.33
10/9/01,452.4
10/10/01,447.48
10/11/01,441.63
10/12/01,445.3
10/15/01,439.55
10/16/01,441.99
10/17/01,445.18
10/18/01,440.59
10/19/01,441.1
10/22/01,434.89
10/23/01,434.12
10/24/01,434.35
10/25/01,437.2
10/26/01,438.12
10/29/01,439.67
10/30/01,442.94
10/31/01,444.07
11/1/01,446.38
11/2/01,445.4
11/5/01,443.75
11/6/01,445.38
11/7/01,449.24
11/8/01,442.74
11/9/01,444.77
11/12/01,446.14
11/13/01,442.92
11/14/01,442.36
11/15/01,436.74
11/16/01,436.66
11/19/01,433.2
11/20/01,435.48
11/21/01,436.85
11/26/01,435.75
11/27/01,435.31
11/28/01,434.25
11/29/01,432.41
11/30/01,430.93
12/3/01,436.68
12/4/01,432.34
12/5/01,430.89
12/6/01,431.27
12/7/01,431.61
12/10/01,429.68
12/11/01,428.32
12/12/01,429.09
12/13/01,429.85
12/14/01,434.1
12/17/01,435.13
12/18/01,441.37
12/19/01,433.79
12/20/01,435.81
12/21/01,440.71
12/26/01,447.88
12/27/01,443.2
12/28/01,439.87
12/31/01,443.72
1/2/02,445.74
1/3/02,444.62
1/4/02,444.89
1/7/02,445.4
1/8/02,445.1
1/9/02,452.5
1/10/02,459.07
1/11/02,458.96
1/14/02,455.18
1/15/02,452.07
1/16/02,459.31
1/17/02,457.9
1/18/02,457.2
1/22/02,452.79
1/23/02,446.19
1/24/02,445.74
1/25/02,449.03
1/28/02,445
1/29/02,448.45
1/30/02,447.67
1/31/02,447.64
2/1/02,454.91
2/4/02,461.99
2/5/02,476.21
2/6/02,477.53
2/7/02,479.21
2/8/02,485.06
2/11/02,477.26
2/12/02,478.67
2/13/02,476.3
2/14/02,477.38
2/15/02,474.33
2/19/02,466.28
2/20/02,464.48
2/21/02,466.43
2/22/02,468
2/25/02,468.54
2/26/02,479.64
2/27/02,476.9
2/28/02,475.25
3/1/02,474.52
3/4/02,472
3/5/02,466.89
3/6/02,464.25
3/7/02,459.31
3/8/02,460.33
3/11/02,460.89
3/12/02,465.59
3/13/02,468.41
3/14/02,463.01
3/15/02,459.21
3/18/02,462.92
3/19/02,463.95
3/20/02,461.6
3/21/02,462.05
3/22/02,469.08
3/25/02,471.09
3/26/02,472.37
3/28/02,482
4/1/02,484.65
4/2/02,487.41
4/3/02,481.08
4/4/02,480.07
4/5/02,477.11
4/8/02,479.5
4/9/02,476.86
4/10/02,480.49
4/11/02,480.06
4/12/02,478.99
4/15/02,476.04
4/16/02,472.78
4/17/02,475.82
4/18/02,479.68
4/19/02,475.24
4/22/02,475.97
4/23/02,478.14
4/24/02,477.03
4/25/02,482.16
4/26/02,486.8
4/29/02,487.7
4/30/02,484.32
5/1/02,482.14
5/2/02,481.49
5/3/02,488.96
5/6/02,488.16
5/7/02,488.32
5/8/02,483.98
5/9/02,484.35
5/10/02,484.8
5/13/02,482.97
5/14/02,478.88
5/15/02,480.69
5/16/02,481.73
5/17/02,479.54
5/20/02,486.82
5/21/02,485.4
5/22/02,487.28
5/23/02,495.47
5/24/02,491.03
5/28/02,495.87
5/29/02,499.46
5/30/02,499.54
5/31/02,500.54
6/3/02,499.08
6/4/02,502.14
6/5/02,492.34
6/6/02,498.08
6/7/02,497.4
6/10/02,490.76
6/11/02,490.94
6/12/02,491.86
6/13/02,489.07
6/14/02,493.66
6/17/02,490.95
6/18/02,493.51
6/19/02,492.68
6/20/02,493.81
6/21/02,493.54
6/24/02,493.23
6/25/02,485.15
6/26/02,486.93
6/27/02,482.25
6/28/02,476.23
7/1/02,476.12
7/2/02,477.63
7/3/02,476.18
7/8/02,475.47
7/9/02,478
7/10/02,478.49
7/11/02,483.91
7/12/02,484.05
7/15/02,491.84
7/16/02,487.85
7/17/02,488.76
7/18/02,489.8
7/19/02,500
7/22/02,506.34
7/23/02,495.33
7/24/02,486.87
7/25/02,485.96
7/26/02,481.51
7/29/02,475.63
7/30/02,478.34
7/31/02,480.35
8/1/02,483.69
8/2/02,486.53
8/5/02,491.46
8/6/02,484.31
8/7/02,495.82
8/8/02,490.44
8/9/02,494.03
8/12/02,494.49
8/13/02,491.78
8/14/02,487.42
8/15/02,489.95
8/16/02,489.16
8/19/02,481.66
8/20/02,484.01
8/21/02,477.94
8/22/02,478.09
8/23/02,477.35
8/26/02,481.33
8/27/02,485.24
8/28/02,482.38
8/29/02,487.76
8/30/02,486.98
9/3/02,486.8
9/4/02,493.42
9/5/02,500.39
9/6/02,498.67
9/9/02,502.66
9/10/02,499.84
9/11/02,500.24
9/12/02,506.27
9/13/02,500.24
9/16/02,501.58
9/17/02,501.42
9/18/02,506.08
9/19/02,507.79
9/20/02,506.21
9/23/02,511.08
9/24/02,517.14
9/25/02,508.84
9/26/02,504.33
9/27/02,504.82
9/30/02,514.05
10/1/02,507.67
10/2/02,510.89
10/3/02,511.06
10/4/02,513.06
10/7/02,513.64
10/8/02,508.23
10/9/02,510.38
10/10/02,503.34
10/11/02,501.9
10/14/02,504.04
10/15/02,496.19
10/16/02,497.23
10/17/02,489.09
10/18/02,492.05
10/21/02,486.31
10/22/02,490.83
10/23/02,488.34
10/24/02,486.46
10/25/02,491.68
10/28/02,491.2
10/29/02,496.72
10/30/02,495.54
10/31/02,495.56
11/1/02,496.81
11/4/02,495.02
11/5/02,495.64
11/6/02,493.09
11/7/02,498.91
11/8/02,502.74
11/11/02,504.4
11/12/02,512.15
11/13/02,502.13
11/14/02,500.63
11/15/02,508.16
11/18/02,507.47
11/19/02,504.75
11/20/02,503.33
11/21/02,500.71
11/22/02,506.16
11/25/02,500
11/27/02,498.19
12/2/02,494.4
12/3/02,498.68
12/4/02,502.81
12/5/02,507.18
12/6/02,510.72
12/9/02,509.22
12/10/02,504.92
12/11/02,505.45
12/12/02,515.08
12/13/02,519.98
12/16/02,526.32
12/17/02,522.53
12/18/02,531.38
12/19/02,536.95
12/20/02,527.83
12/23/02,535.54
12/24/02,536.84
12/26/02,543.23
12/27/02,547.85
12/30/02,541.64
12/31/02,546.71
1/2/03,542.48
1/3/03,549.35
1/6/03,548.42
1/7/03,542.91
1/8/03,552.36
1/9/03,548.09
1/10/03,547.74
1/13/03,546.79
1/14/03,542.21
1/15/03,538.88
1/16/03,549.12
1/17/03,547.77
1/21/03,547.59
1/22/03,550.76
1/23/03,555.98
1/24/03,559.32
1/27/03,563.63
1/28/03,565.32
1/29/03,557.28
1/30/03,563.44
1/31/03,560.32
2/3/03,562.67
2/4/03,574.24
2/5/03,572.56
2/6/03,561.35
2/7/03,562.59
2/10/03,556.29
2/11/03,554.54
2/12/03,539.14
2/13/03,542.5
2/14/03,536.19
2/18/03,522.23
2/19/03,529.11
2/20/03,531.62
2/21/03,529.42
2/24/03,531.32
2/25/03,526.29
2/26/03,528.67
2/27/03,517.03
2/28/03,519.66
3/3/03,518.25
3/4/03,522.25
3/5/03,518.88
3/6/03,524.78
3/7/03,514.29
3/10/03,519.55
3/11/03,515.9
3/12/03,511.29
3/13/03,498.59
3/14/03,496.02
3/17/03,499.04
3/18/03,497.57
3/19/03,498.52
3/20/03,493.04
3/21/03,487.29
3/24/03,487.79
3/25/03,484.79
3/26/03,485.38
3/27/03,480.98
3/28/03,488
3/31/03,493.39
4/1/03,492.7
4/2/03,484.42
4/3/03,478.71
4/4/03,478.95
4/7/03,474.96
4/8/03,472.99
4/9/03,477.56
4/10/03,474.85
4/11/03,476.25
4/14/03,471.36
4/15/03,470.8
4/16/03,474.17
4/17/03,474.75
4/21/03,485.09
4/22/03,483.94
4/23/03,481.27
4/24/03,487.62
4/25/03,482.35
4/28/03,484.29
4/29/03,481.11
4/30/03,486.1
5/1/03,485.59
5/2/03,484.1
5/5/03,483
5/6/03,476.89
5/7/03,477.71
5/8/03,486.12
5/9/03,485.65
5/12/03,488.33
5/13/03,485.03
5/14/03,484
5/15/03,486.81
5/16/03,484.23
5/19/03,496.25
5/20/03,493.53
5/21/03,503.18
5/22/03,505.42
5/23/03,506.8
5/27/03,506.47
5/28/03,505.68
5/29/03,505.68
5/30/03,498.09
6/2/03,501.16
6/3/03,498.43
6/4/03,493.47
6/5/03,494.77
6/6/03,494.22
6/9/03,490.98
6/10/03,479.97
6/11/03,480.6
6/12/03,476.4
6/13/03,475.97
6/16/03,482.46
6/17/03,485.43
6/18/03,477.16
6/19/03,485.81
6/20/03,484.76
6/23/03,479.62
6/24/03,470.96
6/25/03,470.88
6/26/03,466.68
6/27/03,465.54
6/30/03,465.99
7/1/03,475.31
7/2/03,470.03
7/3/03,469
7/7/03,469.26
7/8/03,469.38
7/9/03,472.11
7/10/03,476.34
7/11/03,474.6
7/14/03,477.74
7/15/03,475.87
7/16/03,476.59
7/17/03,480.99
7/18/03,488.6
7/21/03,493.39
7/22/03,496.39
7/23/03,501.05
7/24/03,505.02
7/25/03,501.04
7/28/03,505.68
7/29/03,501.46
7/30/03,499.09
7/31/03,497.4
8/1/03,484.26
8/4/03,490.31
8/5/03,488.95
8/6/03,492.7
8/7/03,491.15
8/8/03,496.03
8/11/03,499.52
8/12/03,496.61
8/13/03,499.59
8/14/03,509.96
8/15/03,503.61
8/18/03,498.89
8/19/03,504.89
8/20/03,512.48
8/21/03,507.74
8/22/03,508.69
8/25/03,506.38
8/26/03,510.18
8/27/03,523.92
8/28/03,516.81
8/29/03,520.94
9/2/03,520.14
9/3/03,515.65
9/4/03,511.94
9/5/03,517.4
9/8/03,515.74
9/9/03,521.88
9/10/03,519.62
9/11/03,520.28
9/12/03,512.76
9/15/03,511.82
9/16/03,511.15
9/17/03,514.07
9/18/03,513.08
9/19/03,514.9
9/22/03,523.81
9/23/03,523.68
9/24/03,523.44
9/25/03,519.22
9/26/03,515.43
9/29/03,516.97
9/30/03,521.59
10/1/03,517.37
10/2/03,513.47
10/3/03,496.51
10/6/03,499.8
10/7/03,502.33
10/8/03,500.87
10/9/03,494.24
10/10/03,493.53
10/13/03,495.44
10/14/03,497.62
10/15/03,494.76
10/16/03,491.75
10/17/03,488.82
10/20/03,493.92
10/21/03,502.9
10/22/03,503.98
10/23/03,502.94
10/24/03,509.1
10/27/03,508.06
10/28/03,502.03
10/29/03,507.35
10/30/03,505.06
10/31/03,507.32
11/3/03,503.67
11/4/03,504.92
11/5/03,510.13
11/6/03,509.16
11/7/03,507.28
11/10/03,507.68
11/11/03,509.25
11/12/03,514.93
11/13/03,512.15
11/14/03,518.58
11/17/03,513.38
11/18/03,516.16
11/19/03,515.27
11/20/03,512.7
11/21/03,516.16
11/24/03,516.15
11/26/03,517.21
12/1/03,524.96
12/2/03,523.88
12/3/03,524.82
12/4/03,528.71
12/5/03,530.41
12/8/03,527.71
12/9/03,533.53
12/10/03,531.33
12/11/03,533.14
12/12/03,538.97
12/15/03,537.08
12/16/03,541.22
12/17/03,545.98
12/18/03,545.38
12/19/03,546.99
12/22/03,546.3
12/23/03,543.72
12/24/03,538.95
12/29/03,543.64
12/30/03,539.61
12/31/03,539.17
1/5/04,543.89
1/6/04,543.51
1/7/04,544.04
1/8/04,542.13
1/9/04,541.87
1/12/04,544.17
1/13/04,538.78
1/14/04,544.06
1/15/04,528.95
1/16/04,528.73
1/20/04,533.07
1/21/04,535.08
1/22/04,531.02
1/23/04,535.72
1/26/04,534.23
1/27/04,535.39
1/28/04,549.15
1/29/04,529.92
1/30/04,532.72
2/2/04,533.02
2/3/04,534.05
2/4/04,534.52
2/5/04,532.65
2/6/04,534.92
2/9/04,540.31
2/10/04,540.86
2/11/04,538.46
2/12/04,545.71
2/13/04,540.15
2/17/04,544.93
2/18/04,545.88
2/19/04,545.16
2/20/04,531.49
2/23/04,533.49
2/24/04,537.61
2/25/04,527.94
2/26/04,530.55
2/27/04,529.31
3/1/04,534.47
3/2/04,528.26
3/3/04,525.37
3/4/04,523.87
3/5/04,530.54
3/8/04,528.78
3/9/04,535.36
3/10/04,530.01
3/11/04,528.84
3/12/04,527.98
3/15/04,532.6
3/16/04,536.25
3/17/04,544.64
3/18/04,546.24
3/19/04,550
3/22/04,556.76
3/23/04,559.51
3/24/04,559.92
3/25/04,554.12
3/26/04,556.79
3/29/04,545.87
3/30/04,551.03
3/31/04,559.66
4/1/04,558.92
4/2/04,554.74
4/5/04,545.72
4/6/04,548.59
4/7/04,553.62
4/8/04,557.49
4/12/04,561.26
4/13/04,543.68
4/14/04,537.65
4/15/04,534.26
4/16/04,539.12
4/19/04,538.66
4/20/04,539.47
4/21/04,530.83
4/22/04,533.22
4/23/04,537.77
4/26/04,533.98
4/27/04,538.87
4/28/04,530.27
4/29/04,529.52
4/30/04,530.28
5/3/04,531.67
5/4/04,536.38
5/5/04,540.46
5/6/04,534.88
5/7/04,523.72
5/10/04,526.44
5/11/04,522.24
5/12/04,523.58
5/13/04,522.22
5/14/04,522.96
5/17/04,530.25
5/18/04,522.31
5/19/04,526.61
5/20/04,517.58
5/21/04,528.72
5/24/04,528.29
5/25/04,532.72
5/26/04,532.28
5/28/04,536.93
6/1/04,539.66
6/2/04,533.08
6/3/04,529.11
6/4/04,528.31
6/7/04,530.24
6/8/04,527.81
6/9/04,522.7
6/10/04,524.75
6/14/04,527.5
6/15/04,531.43
6/16/04,528.51
6/17/04,533.54
6/18/04,539.09
6/21/04,537.96
6/22/04,536.47
6/23/04,537.12
6/24/04,542.09
6/25/04,544.24
6/28/04,540.58
6/29/04,528.12
6/30/04,523.4
7/1/04,527.3
7/2/04,527.27
7/6/04,521.45
7/7/04,531.65
7/8/04,537.14
7/9/04,537.24
7/12/04,538.04
7/13/04,530.27
7/14/04,536.17
7/15/04,535.01
7/16/04,532.97
7/19/04,530.27
7/20/04,527.98
7/21/04,524.78
7/22/04,520.69
7/23/04,516.12
7/26/04,519.78
7/27/04,515.86
7/28/04,517.15
7/29/04,513.19
7/30/04,520.78
8/2/04,521.99
8/3/04,519.1
8/4/04,516.26
8/5/04,517.41
8/6/04,524.81
8/9/04,528.07
8/10/04,528.4
8/11/04,524.05
8/12/04,524.96
8/13/04,521.98
8/16/04,526.46
8/17/04,528.49
8/18/04,527.05
8/19/04,527.88
8/20/04,536.21
8/23/04,536.74
8/24/04,526.73
8/25/04,532.23
8/26/04,532.76
8/27/04,529.27
8/30/04,537.57
8/31/04,538.65
9/1/04,534.45
9/2/04,527.82
9/3/04,520.67
9/7/04,511.92
9/8/04,515.35
9/9/04,512.94
9/10/04,518.98
9/13/04,525.97
9/14/04,524.91
9/15/04,525.16
9/16/04,522.13
9/17/04,526.67
9/20/04,524.39
9/21/04,525.35
9/22/04,522.39
9/23/04,525.92
9/24/04,519.74
9/27/04,520.28
9/28/04,524.74
9/29/04,524.58
9/30/04,528.46
10/1/04,528.8
10/4/04,526.52
10/5/04,527.23
10/6/04,526.89
10/7/04,526.91
10/8/04,529.54
10/11/04,529.55
10/12/04,521.48
10/13/04,519.1
10/14/04,525.58
10/15/04,524.95
10/18/04,523.13
10/19/04,529.28
10/20/04,527.79
10/21/04,527.6
10/22/04,524.13
10/25/04,523.87
10/26/04,523.1
10/27/04,520.72
10/28/04,519.49
10/29/04,521.92
11/1/04,522.76
11/2/04,514.45
11/3/04,513.3
11/4/04,519.26
11/5/04,519.47
11/8/04,516.6
11/9/04,522.92
11/10/04,518.39
11/11/04,520.15
11/12/04,522.18
11/15/04,524.8
11/16/04,526.56
11/17/04,531.8
11/18/04,534.03
11/19/04,533.24
11/22/04,532.51
11/23/04,530.57
11/24/04,530.27
11/29/04,538.39
11/30/04,535.1
12/1/04,537.28
12/2/04,537.47
12/3/04,543.05
12/6/04,545.45
12/7/04,546.09
12/8/04,531.36
12/9/04,532.5
12/10/04,531.81
12/13/04,538.86
12/14/04,538.61
12/15/04,540.46
12/16/04,538.85
12/17/04,541.91
12/20/04,543.76
12/21/04,543.69
12/22/04,546.82
12/23/04,544.08
12/27/04,542.6
12/28/04,540.84
12/29/04,527.53
12/30/04,527.11
1/3/05,517.75
1/4/05,523.84
1/5/05,523.05
1/6/05,520.33
1/7/05,515.82
1/10/05,512.41
1/11/05,514.01
1/12/05,511.59
1/13/05,510.64
1/14/05,513.8
1/18/05,517.87
1/19/05,519.34
1/20/05,520.84
1/21/05,521.13
1/24/05,522.78
1/25/05,521.5
1/26/05,526.52
1/27/05,527.93
1/28/05,527.76
1/31/05,523.26
2/1/05,519.96
2/2/05,521.23
2/3/05,517.07
2/4/05,516.66
2/7/05,519.21
2/8/05,514.4
2/9/05,516.13
2/10/05,518
2/11/05,520.23
2/14/05,525.35
2/15/05,524.18
2/16/05,526.28
2/17/05,525
2/18/05,526.31
2/22/05,532.08
2/23/05,539.85
2/24/05,538.41
2/25/05,538.71
2/28/05,538.42
3/1/05,537.03
3/2/05,536.11
3/3/05,534.9
3/4/05,534.66
3/7/05,534.86
3/8/05,534.67
3/9/05,533.1
3/10/05,533.24
3/11/05,537.91
3/14/05,532.67
3/15/05,532.62
3/16/05,534.84
3/17/05,527.22
3/18/05,528
3/21/05,521.98
3/22/05,521.21
3/23/05,517.02
3/24/05,516.29
3/28/05,519.26
3/29/05,516.11
3/30/05,519.41
3/31/05,518.51
4/1/05,517.31
4/4/05,518.6
4/5/05,517.24
4/6/05,522.06
4/7/05,521.71
4/8/05,524.51
4/11/05,528.87
4/12/05,529.21
4/13/05,531.51
4/14/05,526.71
4/15/05,529.93
4/18/05,533.51
4/19/05,535.5
4/20/05,540.75
4/21/05,536.62
4/22/05,536.57
4/25/05,537.47
4/26/05,545.33
4/27/05,541.11
4/28/05,540.21
4/29/05,547.51
5/2/05,538.63
5/3/05,534.78
5/4/05,534.51
5/5/05,534.98
5/6/05,529.38
5/9/05,527.34
5/10/05,528.26
5/11/05,533.13
5/12/05,527.79
5/13/05,531.7
5/16/05,531.8
5/17/05,530.15
5/18/05,530.92
5/19/05,529.26
5/20/05,528.35
5/23/05,523.89
5/24/05,525.69
5/25/05,529.19
5/26/05,529.52
5/27/05,526.66
5/31/05,522.14
6/1/05,518.48
6/2/05,528.38
6/3/05,528.57
6/6/05,530.8
6/7/05,529.41
6/8/05,531.34
6/9/05,533.05
6/10/05,534.99
6/13/05,539.12
6/14/05,535.45
6/15/05,530.28
6/16/05,539.38
6/17/05,538.85
6/20/05,541.64
6/21/05,540.92
6/22/05,540.8
6/23/05,544.91
6/24/05,543.16
6/27/05,541.18
6/28/05,537.84
6/29/05,536.89
6/30/05,534.26
7/1/05,531.49
7/5/05,525.86
7/6/05,523.49
7/7/05,520.09
7/8/05,515.42
7/11/05,517.89
7/12/05,513.12
7/13/05,512.08
7/14/05,509.22
7/15/05,513.36
7/18/05,511.49
7/19/05,511.89
7/20/05,514.9
7/21/05,517.83
7/22/05,517.11
7/25/05,518.7
7/26/05,520.85
7/27/05,524.97
7/28/05,525.97
7/29/05,525.55
8/1/05,523.45
8/2/05,526.39
8/3/05,531.44
8/4/05,531.69
8/5/05,532
8/8/05,527.93
8/9/05,526.56
8/10/05,528.45
8/11/05,535.14
8/12/05,533.63
8/15/05,530.41
8/16/05,534.64
8/17/05,533.92
8/18/05,535.65
8/19/05,529.62
8/22/05,526.75
8/23/05,526.29
8/24/05,520.53
8/25/05,522.34
8/26/05,524.96
8/29/05,523.98
8/30/05,513.82
8/31/05,515.51
9/1/05,523.31
9/2/05,528.43
9/6/05,528.73
9/7/05,528.7
9/8/05,527.76
9/9/05,528.98
9/12/05,533.77
9/13/05,527.43
9/14/05,531.18
9/15/05,539.69
9/16/05,541.74
9/19/05,545.15
9/20/05,545.65
9/21/05,547.4
9/22/05,547.2
9/23/05,542.74
9/26/05,546.32
9/27/05,545
9/28/05,551.55
9/29/05,553.24
9/30/05,545.6
10/3/05,543.49
10/4/05,546.62
10/5/05,551.14
10/6/05,557.01
10/7/05,557.88
10/10/05,558.94
10/11/05,561.16
10/12/05,555.05
10/13/05,557.32
10/14/05,556.78
10/17/05,559.41
10/18/05,555.87
10/19/05,545.04
10/20/05,543.38
10/21/05,554.63
10/24/05,551.8
10/25/05,555.19
10/26/05,551.24
10/27/05,555.58
10/28/05,557.19
10/31/05,549.63
11/1/05,539.32
11/2/05,545.69
11/3/05,543.66
11/4/05,539.74
11/7/05,545
11/8/05,546.48
11/9/05,553.08
11/10/05,555.87
11/11/05,557.3
11/14/05,558.78
11/15/05,558.19
11/16/05,570.76
11/17/05,576.96
11/18/05,577.55
11/21/05,578.56
11/22/05,578.44
11/23/05,576.84
11/28/05,581.99
11/29/05,583.33
11/30/05,576.59
12/1/05,585.53
12/2/05,584.89
12/5/05,588.87
12/6/05,590.44
12/7/05,596.01
12/8/05,601.74
12/9/05,609.88
12/12/05,608.55
12/13/05,599.82
12/14/05,583.59
12/15/05,584.1
12/16/05,583.92
12/19/05,589.21
12/20/05,579.63
12/21/05,575.6
12/22/05,586.58
12/23/05,586.38
12/27/05,596.03
12/28/05,599.3
12/29/05,600.56
12/30/05,601.21
1/2/06,604.64
1/3/06,613.53
1/4/06,612.62
1/5/06,611.76
1/6/06,629.02
1/9/06,641.02
1/10/06,634.53
1/11/06,635.99
1/12/06,637.63
1/13/06,645.2
1/17/06,644.09
1/18/06,636.73
1/19/06,649.91
1/20/06,638.04
1/23/06,641.5
1/24/06,642.88
1/25/06,646.5
1/26/06,643.19
1/27/06,642.11
1/30/06,648.85
1/31/06,650.56
2/1/06,649.7
2/2/06,655.26
2/3/06,650.02
2/6/06,653.82
2/7/06,635.6
2/8/06,632.15
2/9/06,646.84
2/10/06,634.75
2/13/06,622.98
2/14/06,630.01
2/15/06,625.23
2/16/06,632.02
2/17/06,634.76
2/21/06,635.28
2/22/06,636.08
2/23/06,632.31
2/24/06,642.23
2/27/06,632.64
2/28/06,638.4
3/1/06,639.83
3/2/06,642.91
3/3/06,642.31
3/6/06,632.58
3/7/06,635.58
3/8/06,627.31
3/9/06,633.49
3/10/06,626.92
3/13/06,632.35
3/14/06,637.95
3/15/06,638.54
3/16/06,639
3/17/06,641.47
3/20/06,643.41
3/21/06,642.85
3/22/06,642.37
3/23/06,640.92
3/24/06,654.36
3/27/06,662.54
3/28/06,663.54
3/29/06,671.35
3/30/06,680.31
3/31/06,679.75
4/3/06,690.33
4/4/06,681.4
4/5/06,682.89
4/6/06,686.19
4/7/06,676.24
4/10/06,686.5
4/11/06,680.31
4/12/06,685.29
4/13/06,686.5
4/17/06,704.93
4/18/06,707.28
4/19/06,718.21
4/20/06,706.24
4/21/06,719.64
4/24/06,705.47
4/25/06,714.04
4/26/06,720.51
4/27/06,711.01
4/28/06,728.11
5/1/06,731.78
5/2/06,735.61
5/3/06,738.17
5/4/06,747.37
5/5/06,754.06
5/8/06,753.78
5/9/06,769.16
5/10/06,773.47
5/11/06,794.39
5/12/06,787.47
5/15/06,761.08
5/16/06,765.27
5/17/06,769.79
5/18/06,761.2
5/19/06,734.89
5/22/06,732.28
5/23/06,756.95
5/24/06,713.49
5/25/06,717.89
5/26/06,720.66
5/30/06,718.33
5/31/06,707.6
6/1/06,692.72
6/2/06,699.74
6/5/06,712.45
6/6/06,700.89
6/7/06,697.89
6/8/06,683.61
6/9/06,673.38
6/12/06,667.25
6/13/06,626.25
6/14/06,626.38
6/15/06,629.93
6/16/06,648.64
6/19/06,637.45
6/20/06,645.09
6/21/06,651.19
6/22/06,650.36
6/23/06,656.41
6/26/06,657
6/27/06,653.41
6/28/06,649.56
6/29/06,651.45
6/30/06,685.4
7/3/06,681.82
7/5/06,697.93
7/6/06,706.05
7/7/06,704.76
7/10/06,701.39
7/11/06,725.83
7/12/06,736.11
7/13/06,738.24
7/14/06,751.61
7/17/06,739.32
7/18/06,714.38
7/19/06,728.18
7/20/06,715.65
7/21/06,704.89
7/24/06,698.87
7/25/06,705.18
7/26/06,705.88
7/27/06,717.98
7/28/06,717.94
7/31/06,717.83
8/1/06,730.94
8/2/06,734.28
8/3/06,725.59
8/4/06,725.88
8/7/06,725.26
8/8/06,725.1
8/9/06,728.77
8/10/06,715.7
8/11/06,712.52
8/14/06,708.17
8/15/06,698.1
8/16/06,703.79
8/17/06,690.76
8/18/06,688.6
8/21/06,699.5
8/22/06,696.86
8/23/06,694.08
8/24/06,687.26
8/25/06,690.27
8/28/06,683.82
8/29/06,676.53
8/30/06,685.19
8/31/06,690.76
9/1/06,689.26
9/5/06,709.68
9/6/06,700.39
9/7/06,684.87
9/8/06,683.33
9/11/06,661.88
9/12/06,657.19
9/13/06,659.61
9/14/06,647.48
9/15/06,645.32
9/18/06,655.05
9/19/06,650.21
9/20/06,654.63
9/21/06,651.52
9/22/06,659.06
9/25/06,658.89
9/26/06,658.13
9/27/06,663.74
9/28/06,672.15
9/29/06,669.43
10/2/06,666.78
10/3/06,646.87
10/4/06,633.1
10/5/06,642.8
10/6/06,644.81
10/9/06,649.38
10/10/06,648.34
10/11/06,651.23
10/12/06,653.33
10/13/06,669.85
10/16/06,676.33
10/17/06,673.02
10/18/06,669.13
10/19/06,675.08
10/20/06,667.27
10/23/06,654.29
10/24/06,658.63
10/25/06,660.15
10/26/06,670.41
10/27/06,669.65
10/30/06,680.89
10/31/06,678.08
11/1/06,699.01
11/2/06,709.23
11/3/06,708.28
11/6/06,706.96
11/7/06,706.77
11/8/06,696.5
11/9/06,717.43
11/10/06,711.1
11/13/06,710.53
11/14/06,710.07
11/15/06,709.08
11/16/06,708.77
11/17/06,712.73
11/20/06,712.63
11/21/06,719.75
11/22/06,717.04
11/24/06,713.7
11/27/06,725.34
11/28/06,720.16
11/29/06,722.98
11/30/06,738.47
12/1/06,738.15
12/4/06,735.94
12/5/06,733.3
12/6/06,723.55
12/7/06,726.24
12/8/06,719.32
12/11/06,723.31
12/12/06,722.52
12/13/06,726.4
12/14/06,725.15
12/15/06,711.89
12/18/06,710.57
12/19/06,716.29
12/20/06,713.01
12/21/06,714.02
12/22/06,716.88
12/26/06,723.8
12/27/06,728.54
12/28/06,735.79
12/29/06,740.41
1/2/07,739.29
1/3/07,735.34
1/4/07,734.43
1/5/07,709.31
1/8/07,714.2
1/9/07,721.46
1/10/07,719.02
1/11/07,720.47
1/12/07,731.15
1/16/07,734.82
1/17/07,741.38
1/18/07,735.51
1/19/07,744.67
1/22/07,748.67
1/23/07,761.57
1/24/07,763.14
1/25/07,766.26
1/26/07,760.2
1/29/07,760.62
1/30/07,760.57
1/31/07,766.88
2/1/07,774.96
2/2/07,765.82
2/5/07,769.48
2/6/07,772.94
2/7/07,772.96
2/8/07,777.87
2/9/07,782.35
2/12/07,778.7
2/13/07,774.41
2/14/07,777.58
2/15/07,775.75
2/16/07,777.67
2/20/07,768.9
2/21/07,789.37
2/22/07,789.08
2/23/07,791.63
2/26/07,796.77
2/27/07,798.11
2/28/07,782.56
3/1/07,776.53
3/2/07,755.24
3/5/07,751.98
3/6/07,757.59
3/7/07,766.49
3/8/07,771.06
3/9/07,762.02
3/12/07,760.05
3/13/07,760.72
3/14/07,753.91
3/15/07,760
3/16/07,767.49
3/19/07,768.81
3/20/07,764.02
3/21/07,761.85
3/22/07,767.82
3/23/07,762.28
3/26/07,770.59
3/27/07,766.23
3/28/07,772.75
3/29/07,766.78
3/30/07,764.62
4/2/07,770.13
4/3/07,769.59
4/4/07,779.16
4/5/07,776.82
4/9/07,774.44
4/10/07,776.25
4/11/07,770.84
4/12/07,766.11
4/13/07,780.28
4/16/07,781.1
4/17/07,777.8
4/18/07,777.15
4/19/07,773.05
4/20/07,777.7
4/23/07,774.74
4/24/07,767.38
4/25/07,762.65
4/26/07,757.29
4/27/07,758.15
4/30/07,754.94
5/1/07,749.33
5/2/07,744.44
5/3/07,755.37
5/4/07,760.93
5/7/07,758.21
5/8/07,756.93
5/9/07,751.71
5/10/07,739.25
5/11/07,744.78
5/14/07,739.16
5/15/07,739.15
5/16/07,728.62
5/17/07,721.65
5/18/07,719.49
5/21/07,718.82
5/22/07,715.79
5/23/07,716.57
5/24/07,708.09
5/25/07,707.91
5/29/07,705.57
5/30/07,701.65
5/31/07,707.56
6/1/07,712.07
6/4/07,709.96
6/5/07,712.26
6/6/07,708.33
6/7/07,703.58
6/8/07,685.03
6/11/07,693.56
6/12/07,692.55
6/13/07,691.86
6/14/07,696.3
6/15/07,698.88
6/18/07,702.82
6/19/07,702.05
6/20/07,699.24
6/21/07,699.04
6/22/07,699.01
6/25/07,696.95
6/26/07,686.66
6/27/07,686.97
6/28/07,685.98
6/29/07,690.42
7/2/07,693.39
7/3/07,692.95
7/5/07,684.91
7/6/07,684.96
7/9/07,693.37
7/10/07,698.54
7/11/07,696.3
7/12/07,697.17
7/13/07,697.54
7/16/07,694.37
7/17/07,693.77
7/18/07,702.67
7/19/07,706.52
7/20/07,717.18
7/23/07,712.51
7/24/07,708.94
7/25/07,702.09
7/26/07,699.06
7/27/07,702.5
7/30/07,709.36
7/31/07,711.74
8/1/07,700.59
8/2/07,699.8
8/3/07,711.11
8/6/07,706.32
8/7/07,707.23
8/8/07,707.17
8/9/07,700.12
8/10/07,705.95
8/13/07,705.99
8/14/07,714.01
8/15/07,721.89
8/16/07,697.1
8/17/07,696.61
8/20/07,692.5
8/21/07,697.95
8/22/07,700.5
8/23/07,693.87
8/24/07,703.08
8/27/07,703.23
8/28/07,707.64
8/29/07,705.68
8/30/07,703.48
8/31/07,710.74
9/4/07,715.71
9/5/07,718.64
9/6/07,731.75
9/7/07,739.79
9/10/07,739.62
9/11/07,742.26
9/12/07,738.33
9/13/07,734.32
9/14/07,731.24
9/17/07,735.44
9/18/07,725.37
9/19/07,732.92
9/20/07,733.21
9/21/07,732.28
9/24/07,733.27
9/25/07,734.1
9/26/07,731.74
9/27/07,734.09
9/28/07,736.47
10/1/07,740.9
10/2/07,728.42
10/3/07,728.21
10/4/07,735.3
10/5/07,726.91
10/8/07,722.75
10/9/07,723.58
10/10/07,726.81
10/11/07,733.98
10/12/07,726.82
10/15/07,738.78
10/16/07,740.85
10/17/07,738.38
10/18/07,744.16
10/19/07,738.24
10/22/07,739.31
10/23/07,732.91
10/24/07,737.98
10/25/07,740.64
10/26/07,753.68
10/29/07,752.6
10/30/07,747.38
10/31/07,747.59
11/1/07,752.26
11/2/07,752.78
11/5/07,754.11
11/6/07,756.36
11/7/07,771.59
11/8/07,780.63
11/9/07,784.49
11/12/07,780.66
11/13/07,765.29
11/14/07,785.96
11/15/07,774.36
11/16/07,764.82
11/19/07,765.02
11/20/07,773.82
11/21/07,787.99
11/23/07,815.28
11/26/07,817.58
11/27/07,810.14
11/28/07,788.82
11/29/07,793
11/30/07,782.2
12/3/07,788.3
12/4/07,811.2
12/5/07,808.5
12/6/07,807.74
12/7/07,798.23
12/10/07,812.66
12/11/07,823.84
12/12/07,824.21
12/13/07,815.47
12/14/07,806.77
12/17/07,799.6
12/18/07,807.52
12/19/07,803.43
12/20/07,799.84
12/21/07,805
12/24/07,801.34
12/26/07,809.96
12/27/07,812.67
12/28/07,823.38
12/31/07,831.99
1/2/08,851.55
1/3/08,857.23
1/4/08,865.96
1/7/08,864.09
1/8/08,883.83
1/9/08,888.11
1/10/08,898.98
1/11/08,913.74
1/14/08,917.19
1/15/08,916.3
1/16/08,901.88
1/17/08,905.95
1/18/08,904.68
1/22/08,914.38
1/23/08,902.54
1/24/08,909.05
1/25/08,916.55
1/28/08,931.2
1/29/08,923.81
1/30/08,914.02
1/31/08,925.75
2/1/08,901.85
2/4/08,899.15
2/5/08,891.7
2/6/08,906.23
2/7/08,914.7
2/8/08,918.22
2/11/08,924.29
2/12/08,908.31
2/13/08,904.06
2/14/08,907.94
2/15/08,909.35
2/19/08,943.01
2/20/08,946.53
2/21/08,956.72
2/22/08,956.27
2/25/08,933.21
2/26/08,929.83
2/27/08,939.6
2/28/08,940.88
2/29/08,956.98
3/3/08,971.49
3/4/08,958.06
3/5/08,971.53
3/6/08,961.63
3/7/08,962.48
3/10/08,966.71
3/11/08,965.51
3/12/08,969.01
3/13/08,974.75
3/14/08,987.63
3/17/08,998.7
3/18/08,996.62
3/19/08,958.21
3/20/08,941.83
3/24/08,933.71
3/25/08,950.86
3/26/08,965.9
3/27/08,965.4
3/28/08,951.63
3/31/08,940.08
4/1/08,902.76
4/2/08,908.46
4/3/08,908.73
4/4/08,916.42
4/7/08,936.37
4/8/08,925.85
4/9/08,950.81
4/10/08,946.76
4/11/08,945.34
4/14/08,942.65
4/15/08,945.05
4/16/08,945.38
4/17/08,949.2
4/18/08,916.32
4/21/08,919.94
4/22/08,929.74
4/23/08,921.87
4/24/08,899.39
4/25/08,899.43
4/28/08,904.39
4/29/08,885.71
4/30/08,868.97
5/1/08,866.4
5/2/08,872.59
5/5/08,883.25
5/6/08,878.46
5/7/08,878.03
5/8/08,895.83
5/9/08,889.21
5/12/08,888.23
5/13/08,871.81
5/14/08,868.79
5/15/08,878.65
5/16/08,898.28
5/19/08,897.46
5/20/08,912.56
5/21/08,912.67
5/22/08,903.27
5/23/08,916.07
5/27/08,902.47
5/28/08,891.32
5/29/08,867.06
5/30/08,881.48
6/2/08,894.51
6/3/08,889.88
6/4/08,895.39
6/5/08,886.25
6/6/08,912.93
6/9/08,915.67
6/10/08,886.7
6/11/08,897.29
6/12/08,890.57
6/13/08,895.83
6/16/08,905.42
6/17/08,901.06
6/18/08,906.4
6/19/08,915.99
6/20/08,916.33
6/23/08,898.64
6/24/08,899.91
6/25/08,888.35
6/26/08,926.16
6/27/08,939.16
6/30/08,945.78
7/1/08,963.6
7/2/08,956.37
7/3/08,948.89
7/7/08,942.76
7/8/08,939.18
7/9/08,937.8
7/10/08,949.64
7/11/08,968.6
7/14/08,979.06
7/15/08,978.78
7/16/08,963.34
7/17/08,975.27
7/18/08,962.79
7/21/08,962.71
7/22/08,955.45
7/23/08,932.47
7/24/08,936.52
7/25/08,944.84
7/28/08,948.66
7/29/08,938.17
7/30/08,923.68
7/31/08,935.41
8/1/08,933.65
8/4/08,933.42
8/5/08,916.16
8/6/08,918.01
8/7/08,916.82
8/8/08,914.99
8/11/08,878.33
8/12/08,860.61
8/13/08,876.63
8/14/08,860.34
8/15/08,832.54
8/18/08,851.29
8/19/08,860.31
8/20/08,859.28
8/21/08,869.7
8/22/08,866.48
8/25/08,862.04
8/26/08,862.03
8/27/08,867.3
8/28/08,873.25
8/29/08,882.14
9/2/08,859.22
9/3/08,852.21
9/4/08,854.74
9/5/08,847.25
9/8/08,849.85
9/9/08,843.71
9/10/08,813.46
9/11/08,795.81
9/12/08,806
9/15/08,837.09
9/16/08,830.75
9/17/08,908.47
9/18/08,945.26
9/19/08,900.87
9/22/08,936.49
9/23/08,918.85
9/24/08,923.44
9/25/08,906.9
9/26/08,912.56
9/29/08,928.69
9/30/08,929.8
10/1/08,936.02
10/2/08,905.75
10/3/08,897.56
10/6/08,952.21
10/7/08,969.43
10/8/08,1017.92
10/9/08,1014.01
10/10/08,1003.64
10/13/08,960.94
10/14/08,972.1
10/15/08,995.35
10/16/08,942.39
10/17/08,928.23
10/20/08,938.4
10/21/08,929.85
10/22/08,919.38
10/23/08,888.29
10/24/08,931.52
10/27/08,961.5
10/28/08,940.23
10/29/08,920.97
10/30/08,885.63
10/31/08,869.16
11/3/08,857.24
11/4/08,869.87
11/5/08,864.79
11/6/08,872.24
11/7/08,872.03
11/10/08,893.36
11/11/08,882.35
11/12/08,886.38
11/13/08,854.74
11/14/08,911.93
11/17/08,909.08
11/18/08,900.89
11/19/08,922.64
11/20/08,968.81
11/21/08,1011.11
11/24/08,1007.25
11/25/08,1002.57
11/26/08,992.88
11/28/08,1008.53
12/1/08,963.91
12/2/08,978.46
12/3/08,963.05
12/4/08,975.6
12/5/08,953.14
12/8/08,962.74
12/9/08,977.23
12/10/08,1016.24
12/11/08,1019.02
12/12/08,1023.5
12/15/08,1029.58
12/16/08,1014.1
12/17/08,1038.05
12/18/08,1036.54
12/19/08,1024
12/22/08,1031.95
12/23/08,1018.74
12/24/08,1028.53
12/26/08,1063.67
12/29/08,1065.42
12/30/08,1060.77
12/31/08,1075.2
1/2/09,1067.8
1/5/09,1018.54
1/6/09,1025.48
1/7/09,1005.98
1/8/09,1007.55
1/9/09,1015.45
1/12/09,997.57
1/13/09,1004.41
1/14/09,1008.23
1/15/09,1010.14
1/16/09,1047.68
1/20/09,1082.18
1/21/09,1066.4
1/22/09,1075.57
1/23/09,1102.31
1/26/09,1111.31
1/27/09,1103.18
1/28/09,1079.49
1/29/09,1107.56
1/30/09,1137.65
2/2/09,1126.62
2/3/09,1097.85
2/4/09,1111.3
2/5/09,1125.12
2/6/09,1119.29
2/9/09,1084.72
2/10/09,1138
2/11/09,1171.99
2/12/09,1179.29
2/13/09,1162.35
2/17/09,1223.28
2/18/09,1232.14
2/19/09,1229.35
2/20/09,1253.03
2/23/09,1243.56
2/24/09,1204.45
2/25/09,1213.65
2/26/09,1179.46
2/27/09,1198.9
3/2/09,1212.24
3/3/09,1180.07
3/4/09,1154.58
3/5/09,1195.67
3/6/09,1213.11
3/9/09,1193.68
3/10/09,1147.47
3/11/09,1170.03
3/12/09,1180.45
3/13/09,1182.8
3/16/09,1172.07
3/17/09,1164.27
3/18/09,1106.72
3/19/09,1188.07
3/20/09,1186.44
3/23/09,1164.65
3/24/09,1135.53
3/25/09,1152.54
3/26/09,1155.72
3/27/09,1146.44
3/30/09,1155.06
3/31/09,1164.02
4/1/09,1167.11
4/2/09,1122.33
4/3/09,1101.33
4/6/09,1079.12
4/7/09,1091.97
4/8/09,1093.7
4/9/09,1080.47
4/13/09,1091.63
4/14/09,1083.42
4/15/09,1074.11
4/16/09,1064.27
4/17/09,1052.93
4/20/09,1098.59
4/21/09,1090.76
4/22/09,1106.59
4/23/09,1108.41
4/24/09,1104.98
4/27/09,1108.07
4/28/09,1089.31
4/29/09,1083.31
4/30/09,1063.27
5/1/09,1052.03
5/4/09,1057.47
5/5/09,1061.68
5/6/09,1061.68
5/7/09,1070.18
5/8/09,1051.76
5/11/09,1065.47
5/12/09,1073.71
5/13/09,1086.14
5/14/09,1086.65
5/15/09,1096.6
5/18/09,1071.9
5/19/09,1070.62
5/20/09,1070.12
5/21/09,1079.72
5/22/09,1073.23
5/26/09,1063.85
5/27/09,1069.33
5/28/09,1071.67
5/29/09,1067.63
6/1/09,1067.64
6/2/09,1063.61
6/3/09,1072.62
6/4/09,1077.53
6/5/09,1076.33
6/8/09,1062.76
6/9/09,1054.03
6/10/09,1058
6/11/09,1060.57
6/12/09,1051.92
6/15/09,1049.6
6/16/09,1057.55
6/17/09,1058.26
6/18/09,1057.76
6/19/09,1062.34
6/22/09,1063.05
6/23/09,1063.05
6/24/09,1080.51
6/25/09,1084.41
6/26/09,1084.26
6/29/09,1088.17
6/30/09,1078.02
7/1/09,1081.24
7/2/09,1082.96
7/6/09,1071.43
7/7/09,1083.53
7/8/09,1061.3
7/9/09,1064.01
7/10/09,1061.69
7/13/09,1061.95
7/14/09,1045.56
7/15/09,1045.77
7/16/09,1044.8
7/17/09,1043.54
7/20/09,1049.81
7/21/09,1044.7
7/22/09,1048.06
7/23/09,1040.55
7/24/09,1035.43
7/27/09,1030.59
7/28/09,1014.48
7/29/09,1011.45
7/30/09,1012.67
7/31/09,1028.03
8/3/09,1019.29
8/4/09,1037.31
8/5/09,1031.78
8/6/09,1035.46
8/7/09,1035.14
8/10/09,1028.29
8/11/09,1041.52
8/12/09,1034.61
8/13/09,1037.6
8/14/09,1043.07
8/17/09,1029.08
8/18/09,1032.94
8/19/09,1032.73
8/20/09,1023.51
8/21/09,1030.6
8/24/09,1014.53
8/25/09,1026.74
8/26/09,1036.67
8/27/09,1028.05
8/28/09,1044.65
8/31/09,1041.48
9/1/09,1053.99
9/2/09,1079.47
9/3/09,1098.15
9/4/09,1082.71
9/8/09,1077.18
9/9/09,1073.91
9/10/09,1072.51
9/11/09,1082.05
9/14/09,1083.43
9/15/09,1078.33
9/16/09,1086.71
9/17/09,1078.87
9/18/09,1078.9
9/21/09,1082.39
9/22/09,1084.01
9/23/09,1089.36
9/24/09,1086.72
9/25/09,1080.53
9/28/09,1076.58
9/29/09,1077.11
9/30/09,1077.84
10/1/09,1083.35
10/2/09,1083.02
10/5/09,1088.43
10/6/09,1100.79
10/7/09,1107.3
10/8/09,1111.06
10/9/09,1092.48
10/12/09,1093.78
10/13/09,1098.25
10/14/09,1090.51
10/15/09,1085.18
10/16/09,1089.26
10/19/09,1087.2
10/20/09,1109.97
10/21/09,1109.52
10/22/09,1107.76
10/23/09,1112.33
10/26/09,1113.24
10/27/09,1101.45
10/28/09,1112.68
10/29/09,1116.76
10/30/09,1127.66
11/2/09,1135.37
11/3/09,1157.45
11/4/09,1153.36
11/5/09,1160.54
11/6/09,1176.39
11/9/09,1163.14
11/10/09,1156.61
11/11/09,1164.66
11/12/09,1167.53
11/13/09,1172.62
11/16/09,1192.75
11/17/09,1197.48
11/18/09,1202.51
11/19/09,1214
11/20/09,1226.49
11/23/09,1230.11
11/24/09,1233.99
11/25/09,1240.49
11/27/09,1248.35
11/30/09,1247.07
12/1/09,1254.95
12/2/09,1273.78
12/3/09,1284.18
12/4/09,1236.04
12/7/09,1223.86
12/8/09,1215.62
12/9/09,1181.61
12/10/09,1182.96
12/11/09,1186.69
12/14/09,1189.56
12/15/09,1191.13
12/16/09,1204.9
12/17/09,1185.52
12/18/09,1184.6
12/21/09,1163.46
12/22/09,1149.21
12/23/09,1146.26
12/24/09,1159.4
12/28/09,1154.66
12/29/09,1144.38
12/30/09,1151.37
12/31/09,1151.99
1/4/10,1164.15
1/5/10,1161.78
1/6/10,1171.88
1/7/10,1172.5
1/8/10,1172.44
1/11/10,1189.72
1/12/10,1173.74
1/13/10,1171.43
1/14/10,1168.9
1/15/10,1162.77
1/19/10,1174.59
1/20/10,1163.74
1/21/10,1160
1/22/10,1152.1
1/25/10,1159.19
1/26/10,1166.49
1/27/10,1153.99
1/28/10,1155.84
1/29/10,1158.54
2/1/10,1172.42
2/2/10,1182.56
2/3/10,1180.33
2/4/10,1139.79
2/5/10,1125.23
2/8/10,1145.79
2/9/10,1149.71
2/10/10,1143.62
2/11/10,1149.37
2/12/10,1145.76
2/16/10,1168.74
2/17/10,1171.03
2/18/10,1164.34
2/19/10,1166.08
2/22/10,1160.53
2/23/10,1164.17
2/24/10,1156.65
2/25/10,1174.64
2/26/10,1177.53
3/1/10,1165.22
3/2/10,1178.26
3/3/10,1178.41
3/4/10,1167.99
3/5/10,1169.54
3/8/10,1155.02
3/9/10,1151.71
3/10/10,1136.21
3/11/10,1135.13
3/12/10,1121.69
3/15/10,1125.82
3/16/10,1137.67
3/17/10,1134.89
3/18/10,1144.22
3/19/10,1126.67
3/22/10,1119.56
3/23/10,1121.22
3/24/10,1116.86
3/25/10,1119.57
3/26/10,1134.14
3/29/10,1133.65
3/30/10,1126.7
3/31/10,1130.37
4/1/10,1134.97
4/5/10,1134.83
4/6/10,1137.37
4/7/10,1158.44
4/8/10,1154.62
4/9/10,1164.48
4/12/10,1165.1
4/13/10,1154.3
4/14/10,1157.84
4/15/10,1161.91
4/16/10,1150.33
4/19/10,1151.79
4/20/10,1155.47
4/21/10,1147.97
4/22/10,1142.53
4/23/10,1152.64
4/26/10,1154.42
4/27/10,1181.91
4/28/10,1182.53
4/29/10,1175.45
4/30/10,1200.75
5/3/10,1195.49
5/4/10,1197.46
5/5/10,1211.18
5/6/10,1257.38
5/7/10,1261.6
5/10/10,1228.41
5/11/10,1246.45
5/12/10,1266.9
5/13/10,1254.13
5/14/10,1270.73
5/17/10,1265.93
5/18/10,1263.19
5/19/10,1244.76
5/20/10,1271.33
5/21/10,1245.31
5/24/10,1270.41
5/25/10,1277.11
5/26/10,1299.18
5/27/10,1270.47
5/28/10,1277.75
6/1/10,1292.66
6/2/10,1268.02
6/3/10,1256.42
6/4/10,1292.32
6/7/10,1314.91
6/8/10,1303.16
6/9/10,1283.43
6/10/10,1258.43
6/11/10,1269.13
6/14/10,1265.18
6/15/10,1265.08
6/16/10,1260.95
6/17/10,1282.25
6/18/10,1284.43
6/21/10,1270.31
6/22/10,1276.14
6/23/10,1282.85
6/24/10,1299.56
6/25/10,1300.54
6/28/10,1282.44
6/29/10,1310.13
6/30/10,1325.99
7/1/10,1277.32
7/2/10,1283.24
7/6/10,1258.61
7/7/10,1255.6
7/8/10,1247.44
7/9/10,1249.72
7/12/10,1242.74
7/13/10,1250.57
7/14/10,1245.15
7/15/10,1254.39
7/16/10,1256.61
7/19/10,1246.39
7/20/10,1242.44
7/21/10,1249.97
7/22/10,1240.15
7/23/10,1230.65
7/26/10,1220.59
7/27/10,1199.13
7/28/10,1205.11
7/29/10,1210.28
7/30/10,1216.87
8/2/10,1210.89
8/3/10,1213.35
8/4/10,1215.21
8/5/10,1217.53
8/6/10,1236.67
8/9/10,1233.26
8/10/10,1232.94
8/11/10,1253.8
8/12/10,1266.34
8/13/10,1266.58
8/16/10,1278.32
8/17/10,1266.36
8/18/10,1265.25
8/19/10,1283.47
8/20/10,1285.7
8/23/10,1290.93
8/24/10,1306.95
8/25/10,1313.59
8/26/10,1306.61
8/27/10,1299.41
8/30/10,1311.74
8/31/10,1328.69
9/1/10,1308.73
9/2/10,1317.92
9/3/10,1297.74
9/7/10,1317.92
9/8/10,1301.68
9/9/10,1291.65
9/10/10,1290.71
9/13/10,1279.52
9/14/10,1304.67
9/15/10,1299.58
9/16/10,1305.32
9/17/10,1318.31
9/20/10,1315.03
9/21/10,1305.96
9/22/10,1329.01
9/23/10,1337.5
9/24/10,1327.46
9/27/10,1334.6
9/28/10,1346.04
9/29/10,1350.92
9/30/10,1345.89
10/1/10,1342.55
10/4/10,1346.09
10/5/10,1360.12
10/6/10,1361.65
10/7/10,1356.97
10/8/10,1358.88
10/11/10,1372.24
10/12/10,1359.29
10/13/10,1374.03
10/14/10,1382.37
10/15/10,1384.81
10/18/10,1395.2
10/19/10,1378.38
10/20/10,1371.97
10/21/10,1359.92
10/22/10,1358.78
10/25/10,1364.08
10/26/10,1369.92
10/27/10,1359.03
10/28/10,1370.19
10/29/10,1382.68
11/1/10,1371.74
11/2/10,1368.58
11/3/10,1343.82
11/4/10,1386.44
11/5/10,1398
11/8/10,1407.44
11/9/10,1420.02
11/10/10,1399.24
11/11/10,1407.6
11/12/10,1377.52
11/15/10,1381.25
11/16/10,1366.87
11/17/10,1371.08
11/18/10,1380.51
11/19/10,1376.43
11/22/10,1382.87
11/23/10,1409.78
11/24/10,1388.17
11/26/10,1390.1
11/29/10,1390.9
11/30/10,1421.83
12/1/10,1411
12/2/10,1393.8
12/3/10,1411.04
12/6/10,1422.84
12/7/10,1425.26
12/8/10,1398.02
12/9/10,1406.59
12/10/10,1397.86
12/13/10,1408.71
12/14/10,1413.21
12/15/10,1391.2
12/16/10,1378.39
12/17/10,1397.18
12/20/10,1409.32
12/21/10,1412.35
12/22/10,1405.49
12/23/10,1392.95
12/27/10,1392.15
12/28/10,1406.61
12/29/10,1413.95
12/30/10,1405.32
12/31/10,1416.85
1/3/11,1413.27
1/4/11,1377.12
1/5/11,1368.34
1/6/11,1367.16
1/7/11,1356.56
1/10/11,1364.15
1/11/11,1370.43
1/12/11,1366.3
1/13/11,1371.81
1/14/11,1346.26
1/18/11,1357.51
1/19/11,1364.33
1/20/11,1342.2
1/21/11,1333
1/24/11,1335.95
1/25/11,1327.79
1/26/11,1326.63
1/27/11,1309.5
1/28/11,1341.5
1/31/11,1335.54
2/1/11,1326.73
2/2/11,1315.45
2/3/11,1340.11
2/4/11,1331.92
2/7/11,1335.45
2/8/11,1356.62
2/9/11,1355.99
2/10/11,1356.74
2/11/11,1342.45
2/14/11,1350.02
2/15/11,1359.33
2/16/11,1354.12
2/17/11,1363.83
2/18/11,1369.03
2/22/11,1386.22
2/23/11,1398.85
2/24/11,1391.51
2/25/11,1377.84
2/28/11,1369.05
3/1/11,1394.44
3/2/11,1397.78
3/3/11,1376.9
3/4/11,1388.08
3/7/11,1395.04
3/8/11,1386.01
3/9/11,1384.58
3/10/11,1378.29
3/11/11,1380.23
3/14/11,1387.42
3/15/11,1371.07
3/16/11,1382.32
3/17/11,1383.8
3/18/11,1393.6
3/21/11,1395.09
3/22/11,1399.92
3/23/11,1411.78
3/24/11,1400.9
3/25/11,1398.69
3/28/11,1388.15
3/29/11,1379.71
3/30/11,1383.27
3/31/11,1395.77
4/1/11,1375.95
4/4/11,1384.97
4/5/11,1399.33
4/6/11,1400.29
4/7/11,1398.37
4/8/11,1408.2
4/11/11,1403.67
4/12/11,1399.44
4/13/11,1400.15
4/14/11,1413.6
4/15/11,1425.71
4/18/11,1439.05
4/19/11,1428.64
4/20/11,1427.36
4/21/11,1432.57
4/25/11,1439.78
4/26/11,1430.2
4/27/11,1441.18
4/28/11,1455.69
4/29/11,1469.87
5/2/11,1479.75
5/3/11,1467.32
5/4/11,1452.86
5/5/11,1431.37
5/6/11,1439.94
5/9/11,1445.93
5/10/11,1451.71
5/11/11,1443.09
5/12/11,1450.47
5/13/11,1445.97
5/16/11,1453.62
5/17/11,1438.51
5/18/11,1450.35
5/19/11,1444.11
5/20/11,1469.56
5/23/11,1480.94
5/24/11,1486.63
5/25/11,1492.86
5/26/11,1489.87
5/27/11,1499.71
5/31/11,1487.7
6/1/11,1507.72
6/2/11,1494.49
6/3/11,1507.78
6/6/11,1516.62
6/7/11,1503.9
6/8/11,1507.2
6/9/11,1501.7
6/10/11,1498.04
6/13/11,1478.05
6/14/11,1476.12
6/15/11,1493.93
6/16/11,1501.67
6/17/11,1506.95
6/20/11,1509.94
6/21/11,1502.43
6/22/11,1511.78
6/23/11,1487.81
6/24/11,1483.29
6/27/11,1475.49
6/28/11,1472.46
6/29/11,1464.64
6/30/11,1447.3
7/1/11,1421.33
7/5/11,1455.67
7/6/11,1476.43
7/7/11,1466.97
7/8/11,1481.92
7/11/11,1499.9
7/12/11,1507.63
7/13/11,1519.7
7/14/11,1525.68
7/15/11,1516.12
7/18/11,1536.49
7/19/11,1520.9
7/20/11,1513.17
7/21/11,1497.69
7/22/11,1518.25
7/25/11,1526.8
7/26/11,1525.81
7/27/11,1533.28
7/28/11,1530.89
7/29/11,1555.35
8/1/11,1548.84
8/2/11,1578.29
8/3/11,1599.88
8/4/11,1624.36
8/5/11,1618.37
8/8/11,1699.83
8/9/11,1705.88
8/10/11,1771.03
8/11/11,1722.28
8/12/11,1717.7
8/15/11,1721.08
8/16/11,1750.88
8/17/11,1756.08
8/18/11,1801.07
8/19/11,1830.41
8/22/11,1869.81
8/23/11,1836.63
8/24/11,1731.93
8/25/11,1738.93
8/26/11,1760.99
8/29/11,1746.83
8/30/11,1787.2
8/31/11,1788.26
9/1/11,1782.16
9/2/11,1846.92
9/6/11,1851.75
9/7/11,1784.93
9/8/11,1834.77
9/9/11,1849.74
9/12/11,1797.5
9/13/11,1801.58
9/14/11,1805.98
9/15/11,1749.29
9/16/11,1771.88
9/19/11,1758.99
9/20/11,1792.26
9/21/11,1819.51
9/22/11,1788.2
9/23/11,1683.29
9/26/11,1633
9/27/11,1682.91
9/28/11,1669.9
9/29/11,1673.05
9/30/11,1701.39
10/3/11,1746.47
10/4/11,1699.86
10/5/11,1707.4
10/6/11,1714.48
10/7/11,1699.24
10/10/11,1714.87
10/11/11,1707.33
10/12/11,1710.9
10/13/11,1701.85
10/14/11,1698.1
10/17/11,1715.12
10/18/11,1676.85
10/19/11,1678.22
10/20/11,1637.94
10/21/11,1646.63
10/24/11,1656.64
10/25/11,1727.41
10/26/11,1729.44
10/27/11,1730.43
10/28/11,1732
10/31/11,1723.51
11/1/11,1745.21
11/2/11,1753.25
11/3/11,1776.99
11/4/11,1788.39
11/7/11,1814.06
11/8/11,1814.92
11/9/11,1831.94
11/10/11,1788.59
11/11/11,1810.86
11/14/11,1806.71
11/15/11,1818.62
11/16/11,1815.19
11/17/11,1769.16
11/18/11,1771.83
11/21/11,1743.33
11/22/11,1766.87
11/23/11,1776.35
11/25/11,1767.88
11/28/11,1770.65
11/29/11,1766.57
11/30/11,1778.94
12/1/11,1760.12
12/2/11,1781.2
12/5/11,1761.17
12/6/11,1745.53
12/7/11,1756.89
12/8/11,1747.01
12/9/11,1744.91
12/12/11,1706.87
12/13/11,1715.3
12/14/11,1646.71
12/15/11,1629.18
12/16/11,1656.22
12/19/11,1655.14
12/20/11,1664.02
12/21/11,1653.91
12/22/11,1642.57
12/23/11,1636.61
12/27/11,1623.92
12/28/11,1601
12/29/11,1572.45
12/30/11,1596.29
1/3/12,1617.49
1/4/12,1631.64
1/5/12,1651.1
1/6/12,1661.63
1/9/12,1645.68
1/10/12,1657.35
1/11/12,1670.44
1/12/12,1677.67
1/13/12,1667.42
1/17/12,1680.41
1/18/12,1678.3
1/19/12,1672.84
1/20/12,1684.42
1/23/12,1690.51
1/24/12,1681.01
1/25/12,1706.8
1/26/12,1729.24
1/27/12,1733.53
1/30/12,1734.99
1/31/12,1742.85
2/1/12,1745.18
2/2/12,1755.4
2/3/12,1725.82
2/6/12,1715.25
2/7/12,1736.85
2/8/12,1722.75
2/9/12,1730.52
2/10/12,1727.27
2/13/12,1721.97
2/14/12,1714.19
2/15/12,1724.92
2/16/12,1720.61
2/17/12,1717.29
2/21/12,1751.5
2/22/12,1770.35
2/23/12,1779.74
2/24/12,1774.75
2/27/12,1771.83
2/28/12,1777.4
2/29/12,1692.13
3/1/12,1696.84
3/2/12,1690.04
3/5/12,1693.68
3/6/12,1673.24
3/7/12,1679.77
3/8/12,1682.62
3/9/12,1695.64
3/12/12,1686.05
3/13/12,1673.95
3/14/12,1630.92
3/15/12,1644.95
3/16/12,1642.36
3/19/12,1645.35
3/20/12,1632.66
3/21/12,1636.9
3/22/12,1640.99
3/23/12,1659.15
3/26/12,1669.8
3/27/12,1677.09
3/28/12,1655.09
3/29/12,1647.09
3/30/12,1665.8
4/2/12,1662.04
4/3/12,1654.61
4/4/12,1606.36
4/5/12,1617.66
4/9/12,1638.08
4/10/12,1666.33
4/11/12,1665.5
4/12/12,1670.31
4/13/12,1658.44
4/16/12,1648.54
4/17/12,1634.93
4/18/12,1624.5
4/19/12,1632.93
4/20/12,1628.42
4/23/12,1617.02
4/24/12,1621.92
4/25/12,1613.8
4/26/12,1635.23
4/27/12,1631.53
4/30/12,1641.89
5/1/12,1637.95
5/2/12,1631.38
5/3/12,1615.78
5/4/12,1637.33
5/7/12,1627.05
5/8/12,1602.08
5/9/12,1597.69
5/10/12,1598.78
5/11/12,1584.87
5/14/12,1565.77
5/15/12,1567.46
5/16/12,1555.17
5/17/12,1605.32
5/18/12,1626.9
5/21/12,1616.36
5/22/12,1610.61
5/23/12,1586.17
5/24/12,1598.54
5/25/12,1614.82
5/29/12,1582.95
5/30/12,1610.09
5/31/12,1614.76
6/1/12,1686.62
6/4/12,1676.06
6/5/12,1676.56
6/6/12,1678.45
6/7/12,1631.47
6/8/12,1631.88
6/11/12,1646.2
6/12/12,1654.39
6/13/12,1666.43
6/14/12,1655.82
6/15/12,1662.24
6/18/12,1664.48
6/19/12,1651.6
6/20/12,1644.4
6/21/12,1610.06
6/22/12,1604.02
6/25/12,1633.4
6/26/12,1612.21
6/27/12,1616.79
6/28/12,1601.92
6/29/12,1630.07
7/2/12,1624.49
7/3/12,1641.66
7/5/12,1631.91
7/6/12,1608.97
7/9/12,1618.87
7/10/12,1614.83
7/11/12,1606.04
7/12/12,1594.88
7/13/12,1614.53
7/16/12,1615.27
7/17/12,1608.56
7/18/12,1586.42
7/19/12,1592.2
7/20/12,1602.69
7/23/12,1606.99
7/24/12,1610.13
7/25/12,1632.65
7/26/12,1630.98
7/27/12,1622.77
7/30/12,1622.95
7/31/12,1615.35
8/1/12,1612.57
8/2/12,1598.75
8/3/12,1607.77
8/6/12,1613.71
8/7/12,1604.89
8/8/12,1604.08
8/9/12,1602.99
8/10/12,1605.57
8/13/12,1597.46
8/14/12,1586.55
8/15/12,1586.25
8/16/12,1594.57
8/17/12,1599.03
8/20/12,1601.21
8/21/12,1621.9
8/22/12,1623.12
8/23/12,1659.15
8/24/12,1657.21
8/27/12,1656.83
8/28/12,1647.06
8/29/12,1642.55
8/30/12,1640.87
8/31/12,1661.83
9/4/12,1669.03
9/5/12,1673.89
9/6/12,1672.99
9/7/12,1700.26
9/10/12,1690.16
9/11/12,1685.78
9/12/12,1689.38
9/13/12,1714.08
9/14/12,1718.92
9/17/12,1723.07
9/18/12,1723.42
9/19/12,1724.34
9/20/12,1726.78
9/21/12,1734.23
9/24/12,1724.34
9/25/12,1729.55
9/26/12,1725.24
9/27/12,1743.43
9/28/12,1741.32
10/1/12,1749.19
10/2/12,1744.78
10/3/12,1755.18
10/4/12,1758.75
10/5/12,1740.65
10/8/12,1732.61
10/9/12,1724.54
10/10/12,1732.19
10/11/12,1730.72
10/12/12,1722.18
10/15/12,1702.29
10/16/12,1720.61
10/17/12,1713.13
10/18/12,1717.88
10/19/12,1711.33
10/22/12,1711.92
10/23/12,1695.25
10/24/12,1689.69
10/25/12,1703.31
10/26/12,1705.95
10/29/12,1709.24
10/30/12,1708.96
10/31/12,1717.33
11/1/12,1708.29
11/2/12,1667.43
11/5/12,1676.5
11/6/12,1700.16
11/7/12,1706.71
11/8/12,1725.92
11/9/12,1731.86
11/12/12,1729.26
11/13/12,1727.66
11/14/12,1735.4
11/15/12,1715.19
11/16/12,1716.19
11/19/12,1728.12
11/20/12,1718.39
11/21/12,1722.05
11/23/12,1737.75
11/26/12,1738.2
11/27/12,1731.98
11/28/12,1703.21
11/29/12,1715.02
11/30/12,1699.85
12/3/12,1711.04
12/4/12,1682.62
12/5/12,1677.97
12/6/12,1685.47
12/7/12,1687.96
12/10/12,1690.18
12/11/12,1684.45
12/12/12,1690.23
12/13/12,1669.88
12/14/12,1671.89
12/17/12,1669.29
12/18/12,1645.96
12/19/12,1646.74
12/20/12,1624.11
12/21/12,1648.06
12/24/12,1647.23
12/26/12,1650.39
12/27/12,1654.16
12/28/12,1649.46
12/31/12,1663.49
1/2/13,1663.45
1/3/13,1653.53
1/4/13,1626.47
1/7/13,1622.46
1/8/13,1639.37
1/9/13,1633.89
1/10/13,1650.89
1/11/13,1633.54
1/14/13,1641.97
1/15/13,1657.22
1/16/13,1659.3
1/17/13,1666.24
1/18/13,1673.55
1/22/13,1679.37
1/23/13,1684.62
1/24/13,1673.52
1/25/13,1666.73
1/28/13,1663.38
1/29/13,1663.86
1/30/13,1682.42
1/31/13,1656.29
2/1/13,1664.9
2/4/13,1672.46
2/5/13,1665.41
2/6/13,1670.68
2/7/13,1666.57
2/8/13,1670.85
2/11/13,1655.15
2/12/13,1653.16
2/13/13,1646.83
2/14/13,1636.66
2/15/13,1619.65
2/19/13,1622.42
2/20/13,1604.07
2/21/13,1607.62
2/22/13,1605.64
2/25/13,1628.71
2/26/13,1657.3
2/27/13,1631.92
2/28/13,1625.66
3/1/13,1614.19
3/4/13,1616.06
3/5/13,1618.96
3/6/13,1624.14
3/7/13,1621.17
3/8/13,1623.02
3/11/13,1618.59
3/12/13,1632.64
3/13/13,1633.21
3/14/13,1626.05
3/15/13,1623.67
3/18/13,1639.52
3/19/13,1654.65
3/20/13,1648.72
3/21/13,1653.65
3/22/13,1643
3/25/13,1639.02
3/26/13,1621.91
3/27/13,1632.15
3/28/13,1621.23
4/1/13,1626.68
4/2/13,1598.27
4/3/13,1575.33
4/4/13,1571.76
4/5/13,1603.46
4/8/13,1597.89
4/9/13,1611.99
4/10/13,1580.27
4/11/13,1581.22
4/12/13,1520.92
4/15/13,1394.34
4/16/13,1416.4
4/17/13,1418.51
4/18/13,1427.99
4/19/13,1432.69
4/22/13,1457.29
4/23/13,1444.87
4/24/13,1459.9
4/25/13,1490.72
4/26/13,1478.14
4/29/13,1483.87
4/30/13,1482.88
5/1/13,1458.4
5/2/13,1482.82
5/3/13,1476.11
5/6/13,1478.15
5/7/13,1455.26
5/8/13,1478.34
5/9/13,1479.01
5/10/13,1451.17
5/13/13,1449.87
5/14/13,1450.37
5/15/13,1418.49
5/16/13,1414.25
5/17/13,1403.06
5/20/13,1417.61
5/21/13,1414.29
5/22/13,1417.79
5/23/13,1434.31
5/24/13,1431.02
5/27/13,1443.44
5/28/13,1434.17
5/29/13,1440.27
5/30/13,1453.66
5/31/13,1445.21
6/3/13,1450.87
6/4/13,1444.93
6/5/13,1446.57
6/6/13,1453.04
6/7/13,1410.07
6/10/13,1413.05
6/11/13,1402.53
6/12/13,1420.93
6/13/13,1399.29
6/14/13,1410.86
6/17/13,1408.29
6/18/13,1395.49
6/19/13,1411.28
6/20/13,1335.86
6/21/13,1350.62
6/24/13,1340.75
6/25/13,1340.06
6/26/13,1287.4
6/27/13,1269.01
6/28/13,1287.4
7/1/13,1318.25
7/2/13,1311.12
7/3/13,1314.82
7/4/13,1310.75
7/5/13,1283.08
7/8/13,1303.74
7/9/13,1310.92
7/10/13,1305.36
7/11/13,1326.94
7/12/13,1328.14
7/15/13,1338.83
7/16/13,1338.59
7/17/13,1329.62
7/18/13,1332.99
7/19/13,1340.76
7/22/13,1381.29
7/23/13,1373.42
7/24/13,1361.64
7/25/13,1366.16
7/26/13,1358.93
7/29/13,1363.72
7/30/13,1364.39
7/31/13,1348.82
8/1/13,1356.44
8/2/13,1361.38
8/5/13,1349.56
8/6/13,1331.4
8/7/13,1340.53
8/8/13,1353.61
8/9/13,1350.86
8/12/13,1375.7
8/13/13,1366.57
8/14/13,1379.67
8/15/13,1403.13
8/16/13,1417.78
8/19/13,1413.41
8/20/13,1426.75
8/21/13,1435.63
8/22/13,1442
8/23/13,1464.84
8/26/13,1462.62
8/27/13,1488.01
8/28/13,1488.05
8/29/13,1488.05
8/30/13,1471.13
9/2/13,1469.68
9/3/13,1487.57
9/4/13,1458.6
9/5/13,1442.64
9/6/13,1442.83
9/9/13,1438.29
9/10/13,1411.67
9/11/13,1407.53
9/12/13,1373.25
9/13/13,1354.45
9/16/13,1360.62
9/17/13,1348.33
9/18/13,1336.54
9/19/13,1405.38
9/20/13,1373
9/23/13,1364.56
9/24/13,1355.58
9/25/13,1377.78
9/26/13,1364.68
9/27/13,1379.37
9/30/13,1367.67
10/1/13,1327.42
10/2/13,1364.96
10/3/13,1361.37
10/4/13,1348.4
10/7/13,1366.34
10/8/13,1372.94
10/9/13,1358.24
10/10/13,1348.24
10/11/13,1312.36
10/14/13,1321.74
10/15/13,1321.5
10/16/13,1323.97
10/17/13,1361.08
10/18/13,1351.99
10/21/13,1355.41
10/22/13,1380.75
10/23/13,1385.01
10/24/13,1407.04
10/25/13,1413.17
10/28/13,1412.01
10/29/13,1408.44
10/30/13,1413.6
10/31/13,1380.62
11/1/13,1368.38
11/4/13,1370.09
11/5/13,1367.34
11/6/13,1372.89
11/7/13,1368.48
11/8/13,1346.01
11/11/13,1341.92
11/12/13,1334.21
11/13/13,1325.98
11/14/13,1345.54
11/15/13,1343.88
11/18/13,1326.87
11/19/13,1333.26
11/20/13,1314.83
11/21/13,1307.85
11/22/13,1308.1
11/25/13,1308.63
11/26/13,1308.67
11/27/13,1311.51
11/28/13,1316.19
11/29/13,1327.46
12/2/13,1301.01
12/3/13,1300.79
12/4/13,1333.4
12/5/13,1313.87
12/6/13,1308.55
12/9/13,1312.89
12/10/13,1338.42
12/11/13,1332.73
12/12/13,1304.39
12/13/13,1308.03
12/16/13,1319.81
12/17/13,1305.9
12/18/13,1322.88
12/19/13,1274.39
12/20/13,1281.61
12/23/13,1270.97
12/24/13,1281.2
12/26/13,1292.83
12/27/13,1301.89
12/30/13,1280.98
12/31/13,1276.44
1/1/14,1283.02
1/2/14,1307.22
1/3/14,1317.03
1/6/14,1318.91
1/7/14,1323.5
1/8/14,1325.65
1/9/14,1332.57
1/10/14,1358.21
1/13/14,1358.79
1/14/14,1362.96
1/15/14,1354
1/16/14,1355.49
1/17/14,1372.03
1/20/14,1374.1
1/21/14,1362.32
1/22/14,1373.61
1/23/14,1401.64
1/24/14,1402.04
1/27/14,1404.62
1/28/14,1394.96
1/29/14,1410.12
1/30/14,1385.92
1/31/14,1380.19
2/3/14,1401.38
2/4/14,1387.39
2/5/14,1393.44
2/6/14,1392.07
2/7/14,1393.6
2/10/14,1409.4
2/11/14,1419.88
2/12/14,1424.97
2/13/14,1427.44
2/14/14,1448.18
2/17/14,1456.69
2/18/14,1450.14
2/19/14,1463.11
2/20/14,1461.66
2/21/14,1470.84
2/24/14,1479.77
2/25/14,1488.58
2/26/14,1477.91
2/27/14,1480.87
2/28/14,1462.21
3/3/14,1495.29
3/4/14,1483.81
3/5/14,1478.11
3/6/14,1484.9
3/7/14,1483.15
3/10/14,1490.11
3/11/14,1495.28
3/12/14,1523.91
3/13/14,1519.6
3/14/14,1531.37
3/17/14,1517.69
3/18/14,1513.36
3/19/14,1507.87
3/20/14,1495.62
3/21/14,1499.27
3/24/14,1467.49
3/25/14,1464.43
3/26/14,1447.1
3/27/14,1428.24
3/28/14,1431.04
3/31/14,1418.12
4/1/14,1410.49
4/2/14,1423.61
4/3/14,1417.35
4/4/14,1431.14
4/7/14,1424.65
4/8/14,1429.65
4/9/14,1420.1
4/10/14,1443.68
4/11/14,1448.17
4/14/14,1454.47
4/15/14,1427.16
4/16/14,1434.82
4/17/14,1423.04
4/21/14,1418.19
4/22/14,1412.06
4/23/14,1416.81
4/24/14,1422.35
4/25/14,1435.81
4/28/14,1432.72
4/29/14,1418.25
4/30/14,1420.15
5/1/14,1405.98
5/2/14,1429.39
5/5/14,1434.05
5/6/14,1425.16
5/7/14,1404.62
5/8/14,1394.35
5/9/14,1402.59
5/12/14,1411.64
5/13/14,1411.78
5/14/14,1421.71
5/15/14,1408.27
5/16/14,1404.23
5/19/14,1406.5
5/20/14,1412.28
5/21/14,1405.65
5/22/14,1410.26
5/23/14,1403
5/25/14,1403.11
5/26/14,1403.52
5/27/14,1373.49
5/28/14,1369.25
5/29/14,1361.4
5/30/14,1350.54
6/2/14,1355.68
6/3/14,1357.37
6/4/14,1360.75
6/5/14,1368.95
6/6/14,1369.31
6/9/14,1366.66
6/10/14,1373.38
6/11/14,1370.14
6/12/14,1382.24
6/13/14,1382.65
6/16/14,1382.6
6/17/14,1381.08
6/18/14,1378.85
6/19/14,1421.14
6/20/14,1416.03
6/23/14,1414.01
6/24/14,1419.56
6/25/14,1417.15
6/26/14,1406.84
6/27/14,1407.08
6/30/14,1573.94
7/1/14,1573.68
7/2/14,1583.62
7/3/14,1569.12
7/4/14,1407.88
7/7/14,1572.82
7/8/14,1571.17
7/9/14,1576.33
7/10/14,1591.97
7/11/14,1602.34
7/14/14,1564.59
7/15/14,1561.55
7/16/14,1562.73
7/17/14,1584.27
7/18/14,1571.74
7/21/14,1577.84
7/22/14,1569.42
7/23/14,1566.68
7/24/14,1555.4
7/25/14,1579.04
7/28/14,1578.32
7/29/14,1580.96
7/30/14,1587.55
7/31/14,1572.15
8/1/14,1584
8/4/14,1572.75
8/5/14,1577.16
8/6/14,1596.66
8/7/14,1603.43
8/8/14,1608.58
8/11/14,1600.59
8/12/14,1600.9
8/13/14,1601.81
8/14/14,1601.55
8/15/14,1590.11
8/18/14,1581.88
8/19/14,1585.51
8/20/14,1589.34
8/21/14,1564.02
8/22/14,1570.07
8/25/14,1574.14
8/26/14,1576.45
8/27/14,1561.17
8/28/14,1568.15
8/29/14,1567.23
8/31/14,1400.89
9/1/14,1399.5
9/2/14,1550.99
9/3/14,1552.16
9/4/14,1546.82
9/5/14,1548.47
9/8/14,1547.63
9/9/14,1542.5
9/10/14,1533.08
9/11/14,1539.5
9/12/14,1539.61
9/15/14,1538.37
9/16/14,1528.08
9/17/14,1531.02
9/18/14,1512.9
9/19/14,1505.26
9/22/14,1517.61
9/23/14,1525.81
9/24/14,1520.23
9/25/14,1529.16
9/26/14,1528.44
9/29/14,1533.49
9/30/14,1530.46
10/1/14,1529.58
10/2/14,1526.56
10/3/14,1514.39
10/6/14,1514.75
10/7/14,1523.92
10/8/14,1493.06
10/9/14,1519.91
10/10/14,1516.07
10/13/14,1376.75
10/14/14,1535.41
10/15/14,1532.13
10/16/14,1528.03
10/17/14,1532.09
10/20/14,1539.67
10/21/14,1539.45
10/22/14,1535.68
10/23/14,1518.36
10/24/14,1521.79
10/27/14,1521.09
10/28/14,1510.27
10/29/14,1508.5
10/30/14,1479.92
10/31/14,1460
11/3/14,1470.24
11/4/14,1472.27
11/5/14,1443.81
11/6/14,1444.37
11/7/14,1462.39
11/10/14,1458.18
11/11/14,1456.37
11/12/14,1448.91
11/13/14,1456.47
11/14/14,1473.76
11/17/14,1473.94
11/18/14,1485.94
11/19/14,1489.45
11/20/14,1478.98
11/21/14,1477.88
11/24/14,1482.29
11/25/14,1480.91
11/26/14,1478.13
11/27/14,1347.08
11/28/14,1473.8
12/1/14,1509.74
12/2/14,1499.77
12/3/14,1506.76
12/4/14,1507.69
12/5/14,1499.43
12/8/14,1508.9
12/9/14,1545.03
12/10/14,1544.78
12/11/14,1546.61
12/12/14,1544.48
12/15/14,1537.93
12/16/14,1514.13
12/17/14,1514.83
12/18/14,1509.32
12/19/14,1514.62
12/22/14,1499.65
12/23/14,1498.08
12/24/14,1494.54
12/25/14,1368.45
12/26/14,1520.4
12/29/14,1504.07
12/30/14,1523.34
12/31/14,1505.23
1/1/15,1378.56
1/2/15,1529.22
1/5/15,1545.11
1/6/15,1564.92
1/7/15,1552.17
1/8/15,1551.64
1/9/15,1563.49
1/12/15,1596.26
1/13/15,1595.53
1/14/15,1583
1/15/15,1617.99
1/16/15,1635.79
1/18/15,1532.84
1/19/15,1523.28
1/20/15,1668.56
1/21/15,1701.1
1/22/15,1721.18
1/23/15,1717.09
1/26/15,1709.83
1/27/15,1710.73
1/28/15,1714.14
1/29/15,1676.72
1/30/15,1718.36
2/2/15,1692.71
2/3/15,1654.21
2/4/15,1589.09
2/5/15,1662.4
2/6/15,1646.54
2/9/15,1647.84
2/10/15,1653.07
2/11/15,1643.76
2/12/15,1626.69
2/13/15,1627.29
2/15/15,1529.69
2/16/15,1535.4
2/17/15,1600.87
2/18/15,1598.58
2/19/15,1610.72
2/20/15,1610.12
2/23/15,1609.73
2/24/15,1591.69
2/25/15,1589.35
2/26/15,1611.94
2/27/15,1615.26
3/2/15,1614.39
3/3/15,1607.15
3/4/15,1594.08
3/5/15,1595.83
3/6/15,1574.66
3/9/15,1575.3
3/10/15,1573.53
3/11/15,1568.99
3/12/15,1561.59
3/13/15,1573.44
3/16/15,1572.74
3/17/15,1568.41
3/18/15,1544.99
3/19/15,1579.11
3/20/15,1577.38
3/23/15,1577.33
3/24/15,1578.21
3/25/15,1588.61
3/26/15,1596.55
3/27/15,1606.23
3/30/15,1594.93
3/31/15,1591.22
4/1/15,1610.75
4/2/15,1594.93
4/3/15,1585.57
4/6/15,1606.44
4/7/15,1601.3
4/8/15,1596.76
4/9/15,1589.63
4/10/15,1602.94
4/13/15,1599.45
4/14/15,1573.35
4/15/15,1558.74
4/16/15,1541.55
4/17/15,1555.92
4/20/15,1541.93
4/21/15,1560.97
4/22/15,1537.81
4/23/15,1534.91
4/24/15,1513.09
4/27/15,1536.38
4/28/15,1544.59
4/29/15,1540.87
4/30/15,1515.52
5/1/15,1517.63
5/4/15,1525.34
5/5/15,1532.76
5/6/15,1528.37
5/7/15,1528.81
5/8/15,1526.44
5/11/15,1524.21
5/12/15,1524.87
5/13/15,1547.35
5/14/15,1559.02
5/15/15,1562.64
5/18/15,1584.63
5/19/15,1569.91
5/20/15,1569.21
5/21/15,1561.48
5/22/15,1573.8
5/24/15,1478.88
5/25/15,1486.4
5/26/15,1571.8
5/27/15,1572.16
5/28/15,1572.37
5/29/15,1574.18
6/1/15,1583.27
6/2/15,1577.13
6/3/15,1573.78
6/4/15,1568.02
6/5/15,1555.67
6/8/15,1558.7
6/9/15,1555.58
6/10/15,1559.56
6/11/15,1556.78
6/12/15,1558.84
6/15/15,1565.14
6/16/15,1553.23
6/17/15,1541.82
6/18/15,1570.28
6/19/15,1574.14
6/22/15,1558.47
6/23/15,1551.58
6/24/15,1553.79
6/25/15,1546.42
6/26/15,1548.53
6/29/15,1564.98
6/30/15,1567.72
7/1/15,1576.66
7/2/15,1561.76
7/3/15,1468.38
7/6/15,1587.3
7/7/15,1566.95
7/8/15,1583.54
7/9/15,1574.06
7/10/15,1570.38
7/13/15,1471.78
7/14/15,1573.23
7/15/15,1588.92
7/16/15,1589.64
7/17/15,1575.69
7/20/15,1545.81
7/21/15,1532.44
7/22/15,1527.11
7/23/15,1530.57
7/24/15,1518.99
7/27/15,1531.22
7/28/15,1517.57
7/29/15,1516.7
7/30/15,1517.29
7/31/15,1527.42
8/3/15,1526.77
8/4/15,1533.91
8/5/15,1530.38
8/6/15,1527.85
8/7/15,1535.78
8/10/15,1533.8
8/11/15,1549.36
8/12/15,1553.34
8/13/15,1552.55
8/14/15,1552.75
8/17/15,1558.85
8/18/15,1554.53
8/19/15,1576.87
8/20/15,1604.97
8/21/15,1622.89
8/24/15,1624.9
8/25/15,1610.7
8/26/15,1585.8
8/27/15,1572.13
8/28/15,1587.33
8/31/15,1577.85
9/1/15,1598.33
9/2/15,1590.23
9/3/15,1564.56
9/4/15,1573.46
9/6/15,1487.65
9/7/15,1490.42
9/8/15,1563.73
9/9/15,1544.08
9/10/15,1553.42
9/11/15,1546.29
9/14/15,1551.33
9/15/15,1542.59
9/16/15,1554.66
9/17/15,1554.05
9/18/15,1584.71
9/21/15,1582.05
9/22/15,1570.73
9/23/15,1585.51
9/24/15,1610.8
9/25/15,1604.29
9/28/15,1592.52
9/29/15,1588.19
9/30/15,1554.86
10/1/15,1547.09
10/2/15,1562.52
10/5/15,1553.84
10/6/15,1558.34
10/7/15,1564.3
10/8/15,1554.49
10/9/15,1561.61
10/12/15,1579.41
10/13/15,1585.34
10/14/15,1588.23
10/15/15,1589.48
10/16/15,1588.82
10/19/15,1588.44
10/20/15,1590.08
10/21/15,1594.8
10/22/15,1586.78
10/23/15,1590.71
10/26/15,1591.35
10/27/15,1602.28
10/28/15,1607.84
10/29/15,1569.28
10/30/15,1549.37
11/2/15,1545.11
11/3/15,1512.8
11/4/15,1513.02
11/5/15,1513.76
11/6/15,1513.64
11/9/15,1512.95
11/10/15,1512.01
11/11/15,1505.11
11/12/15,1503.26
11/13/15,1506.46
11/16/15,1509.27
11/17/15,1487.08
11/18/15,1484.9
11/19/15,1494.49
11/20/15,1499.07
11/23/15,1489.31
11/24/15,1491.55
11/25/15,1485.32
11/26/15,1423.37
11/27/15,1476.27
11/30/15,1488.04
12/1/15,1484.71
12/2/15,1470.51
12/3/15,1482.84
12/4/15,1513.83
12/7/15,1516.73
12/8/15,1526.42
12/9/15,1527.02
12/10/15,1525.75
12/11/15,1545.25
12/14/15,1525.89
12/15/15,1523.27
12/16/15,1550.09
12/17/15,1529.68
12/18/15,1553.03
12/21/15,1577.47
12/22/15,1564.03
12/23/15,1547.77
12/24/15,1555.2
12/28/15,1554.3
12/29/15,1547.9
12/30/15,1541.15
12/31/15,1537.16
1/4/16,1570.11
1/5/16,1579.01
1/6/16,1606.67
1/7/16,1626.68
1/8/16,1617.97
1/11/16,1618.71
1/12/16,1607.76
1/13/16,1616.72
1/14/16,1599.05
1/15/16,1639.43
1/17/16,1585.2
1/18/16,1585.35
1/19/16,1641.25
1/20/16,1655.98
1/21/16,1617.03
1/22/16,1598.96
1/25/16,1632.84
1/26/16,1633.82
1/27/16,1626.5
1/28/16,1618.69
1/29/16,1609.61
2/1/16,1622.87
2/2/16,1632.38
2/3/16,1618.85
2/4/16,1635.99
2/5/16,1655.07
2/8/16,1712.2
2/9/16,1703.51
2/10/16,1704.64
2/11/16,1774.8
2/12/16,1748.41
2/14/16,1708.11
2/15/16,1671.42
2/16/16,1708.39
2/17/16,1693.14
2/18/16,1721.11
2/19/16,1733.07
2/22/16,1696.86
2/23/16,1728.14
2/24/16,1738.28
2/25/16,1716.28
2/26/16,1689.59
2/29/16,1712.43
3/1/16,1693.08
3/2/16,1710.05
3/3/16,1731.94
3/4/16,1740.48
3/7/16,1728.59
3/8/16,1745.17
3/9/16,1716.01
3/10/16,1750.43
3/11/16,1720.16
3/14/16,1705.44
3/15/16,1698.32
3/16/16,1666.54
3/17/16,1693.82
3/18/16,1681.62
3/21/16,1682.43
3/22/16,1683.37
3/23/16,1671.07
3/24/16,1674.26
3/25/16,1615.16
3/28/16,1664.29
3/29/16,1670.33
3/30/16,1644.71
3/31/16,1654.83
4/1/16,1639.86
4/4/16,1643.81
4/5/16,1663.38
4/6/16,1649.61
4/7/16,1674.29
4/8/16,1660.78
4/11/16,1669.12
4/12/16,1656.33
4/13/16,1647.1
4/14/16,1623.12
4/15/16,1629.95
4/18/16,1625.93
4/19/16,1637.48
4/20/16,1637.31
4/21/16,1644.17
4/22/16,1609.4
4/25/16,1623.89
4/26/16,1618.23
4/27/16,1626.94
4/28/16,1641.9
4/29/16,1672.99
5/2/16,1677.02
5/3/16,1697.11
5/4/16,1692.96
5/5/16,1685.22
5/6/16,1721.18
5/9/16,1692.85
5/10/16,1684.01
5/11/16,1691.39
5/12/16,1684.22
5/13/16,1698.98
5/16/16,1695.81
5/17/16,1701.34
5/18/16,1717.41
5/19/16,1701.19
5/20/16,1703.65
5/23/16,1706.14
5/24/16,1674.54
5/25/16,1654.56
5/26/16,1644.26
5/27/16,1641.58
5/30/16,1581.62
5/31/16,1653.05
6/1/16,1648.36
6/2/16,1647.94
6/3/16,1665.68
6/6/16,1656.88
6/7/16,1645.57
6/8/16,1659.64
6/9/16,1676.68
6/10/16,1688.83
6/13/16,1709.15
6/14/16,1710.77
6/15/16,1716.43
6/16/16,1737.52
6/17/16,1724.18
6/20/16,1712.8
6/21/16,1689.44
6/22/16,1689.7
6/23/16,1672.88
6/24/16,1782.16
6/27/16,1793.86
6/28/16,1778.49
6/29/16,1778.19
6/30/16,1768.77
7/1/16,1792.56
7/3/16,1737.92
7/4/16,1736.67
7/5/16,1827.49
7/6/16,1835.77
7/7/16,1832.4
7/8/16,1834.22
7/11/16,1843.17
7/12/16,1806.44
7/13/16,1808.07
7/14/16,1781.62
7/15/16,1787.03
7/18/16,1786.02
7/19/16,1803.02
7/20/16,1791.75
7/21/16,1812.33
7/22/16,1809
7/25/16,1815.65
7/26/16,1813.53
7/27/16,1825.51
7/28/16,1829.89
7/29/16,1835.22
8/1/16,1848.16
8/2/16,1863.53
8/3/16,1850.25
8/4/16,1848.48
8/5/16,1843.56
8/8/16,1838.2
8/9/16,1839.85
8/10/16,1838.21
8/11/16,1826.82
8/12/16,1811.34
8/15/16,1812.27
8/16/16,1814.92
8/17/16,1801.8
8/18/16,1803.91
8/19/16,1802.16
8/22/16,1809.04
8/23/16,1807.72
8/24/16,1787.1
8/25/16,1778.14
8/26/16,1788.19
8/29/16,1790.45
8/30/16,1789.91
8/31/16,1782.2
9/1/16,1788.39
9/2/16,1790.72
9/4/16,1723.97
9/5/16,1720.88
9/6/16,1802.47
9/7/16,1802.89
9/8/16,1800.96
9/9/16,1807.67
9/12/16,1795.15
9/13/16,1809.09
9/14/16,1815.02
9/15/16,1799.42
9/16/16,1795.54
9/19/16,1804.7
9/20/16,1803.09
9/21/16,1808.86
9/22/16,1815.47
9/23/16,1829.08
9/26/16,1840.52
9/27/16,1817.92
9/28/16,1792.54
9/29/16,1804.18
9/30/16,1790.86
10/3/16,1783.78
10/4/16,1735.88
10/5/16,1732.77
10/6/16,1716.93
10/7/16,1726.33
10/10/16,1722.79
10/11/16,1728.38
10/12/16,1727.83
10/13/16,1722.73
10/14/16,1713.44
10/17/16,1713.48
10/18/16,1720.15
10/19/16,1729.84
10/20/16,1742.69
10/21/16,1756.2
10/24/16,1741.73
10/25/16,1767.56
10/26/16,1762.21
10/27/16,1769.88
10/28/16,1781.05
10/31/16,1777.93
11/1/16,1795.13
11/2/16,1821.91
11/3/16,1817.26
11/4/16,1820.78
11/7/16,1781.13
11/8/16,1765.61
11/9/16,1782.71
11/10/16,1776.94
11/11/16,1727.11
11/14/16,1733.36
11/15/16,1724.99
11/16/16,1723.95
11/17/16,1724.95
11/18/16,1712.16
11/21/16,1702.36
11/22/16,1706.72
11/23/16,1684.25
11/24/16,1599.5
11/25/16,1674.06
11/28/16,1677.04
11/29/16,1675.35
11/30/16,1652.83
12/1/16,1631.82
12/2/16,1640.79
12/5/16,1636.59
12/6/16,1629
12/7/16,1641.39
12/8/16,1630.66
12/9/16,1615.45
12/12/16,1615.36
12/13/16,1606.14
12/14/16,1631.16
12/15/16,1601.95
12/16/16,1612.35
12/19/16,1627.7
12/20/16,1611.23
12/21/16,1615.75
12/22/16,1620.82
12/23/16,1631.02
12/25/16,1536.28
12/26/16,1532.76
12/27/16,1642.6
12/28/16,1643.88
12/29/16,1660.01
12/30/16,1642.53
1/2/17,1546.9
1/3/17,1655.79
1/4/17,1643.12
1/5/17,1653.62
1/6/17,1646.46
1/9/17,1659.57
1/10/17,1662.74
1/11/17,1671.32
1/12/17,1671.49
1/13/17,1664.7
1/15/17,1577.96
1/16/17,1584.78
1/17/17,1676.8
1/18/17,1703.69
1/19/17,1696.23
1/20/17,1701.39
1/23/17,1703.87
1/24/17,1687.24
1/25/17,1659
1/26/17,1650.65
1/27/17,1657.11
1/30/17,1658.93
1/31/17,1667.97
2/1/17,1667.15
2/2/17,1678.78
2/3/17,1680.43
2/6/17,1702.64
2/7/17,1719.97
2/8/17,1717.27
2/9/17,1713.46
2/10/17,1704.21
2/13/17,1690.33
2/14/17,1690.99
2/15/17,1703.37
2/16/17,1713.37
2/17/17,1712.86
2/19/17,1620.78
2/20/17,1622.59
2/21/17,1718.23
2/22/17,1713.18
2/23/17,1729.66
2/24/17,1736.61
2/27/17,1749.67
2/28/17,1758.88
3/1/17,1757.89
3/2/17,1743.57
3/3/17,1734.88
3/6/17,1737.29
3/7/17,1725.11
3/8/17,1727.3
3/9/17,1721.02
3/10/17,1713.86
3/13/17,1714.13
3/14/17,1718.12
3/15/17,1692.83
3/16/17,1730.02
3/17/17,1737.82
3/20/17,1742.39
3/21/17,1758.61
3/22/17,1759.13
3/23/17,1757.94
3/24/17,1764.01
3/27/17,1773.14
3/28/17,1774.22
3/29/17,1763.99
3/30/17,1754.6
3/31/17,1754.99
4/3/17,1767.33
4/4/17,1775.9
4/5/17,1767.3
4/6/17,1771.03
4/7/17,1775.98
4/10/17,1760.9
4/11/17,1787.45
4/12/17,1782.67
4/13/17,1805.65
4/14/17,1718.62
4/17/17,1808.1
4/18/17,1817.55
4/19/17,1818.23
4/20/17,1817.89
4/21/17,1828.97
4/24/17,1814.09
4/25/17,1810.4
4/26/17,1811.98
4/27/17,1816.77
4/28/17,1822.53
5/1/17,1809.41
5/2/17,1814.94
5/3/17,1806.01
5/4/17,1780.73
5/5/17,1766.14
5/8/17,1771.39
5/9/17,1760.43
5/10/17,1755.43
5/11/17,1767.98
5/12/17,1773.51
5/15/17,1766.49
5/16/17,1771.84
5/17/17,1801.25
5/18/17,1791.73
5/19/17,1780.81
5/22/17,1790.31
5/23/17,1784.02
5/24/17,1766.46
5/25/17,1781.31
5/26/17,1791.99
5/28/17,1705.28
5/29/17,1704.14
5/30/17,1786.24
5/31/17,1804.24
6/1/17,1799.03
6/2/17,1808.01
6/5/17,1810.16
6/6/17,1827.1
6/7/17,1828.56
6/8/17,1809.81
6/9/17,1793.91
6/12/17,1771.35
6/13/17,1759.93
6/14/17,1769.9
6/15/17,1744.56
6/16/17,1739.46
6/19/17,1727.56
6/20/17,1728.97
6/21/17,1740.4
6/22/17,1732
6/23/17,1745.82
6/26/17,1729.57
6/27/17,1724.79
6/28/17,1707
6/29/17,1698.31
6/30/17,1688.45
7/3/17,1663.89
7/4/17,1588.03
7/5/17,1661.31
7/6/17,1667.75
7/7/17,1636.23
7/10/17,1642.56
7/11/17,1647.94
7/12/17,1631.39
7/13/17,1624.22
7/14/17,1627.18
7/17/17,1642.79
7/18/17,1643.89
7/19/17,1641.25
7/20/17,1643.46
7/21/17,1647.9
7/24/17,1643.36
7/25/17,1640.61
7/26/17,1630.69
7/27/17,1659.01
7/28/17,1653.98
7/31/17,1657.6
8/1/17,1672.85
8/2/17,1676.05
8/3/17,1673.25
8/4/17,1669.41
8/7/17,1673.6
8/8/17,1669.88
8/9/17,1695.2
8/10/17,1714.8
8/11/17,1710.01
8/14/17,1712.12
8/15/17,1703.41
8/16/17,1689.3
8/17/17,1708.89
8/18/17,1695.03
8/21/17,1697.64
8/22/17,1691.16
8/23/17,1694.75
8/24/17,1686.15
8/25/17,1688.05
8/28/17,1714.32
8/29/17,1718.63
8/30/17,1727.75
8/31/17,1718.05
9/1/17,1717
9/3/17,1662.6
9/4/17,1661.59
9/5/17,1731.04
9/6/17,1704.03
9/7/17,1703.62
9/8/17,1710.59
9/11/17,1685.96
9/12/17,1693.43
9/13/17,1685.58
9/14/17,1687.39
9/15/17,1686.71
9/18/17,1681.78
9/19/17,1684.24
9/20/17,1695.42
9/21/17,1669.42
9/22/17,1674.4
9/25/17,1696.19
9/26/17,1681.44
9/27/17,1682.14
9/28/17,1676.4
9/29/17,1677.43
10/2/17,1672.63
10/3/17,1668.08
10/4/17,1669.16
10/5/17,1677.93
10/6/17,1676.07
10/9/17,1691.01
10/10/17,1697.41
10/11/17,1684.11
10/12/17,1695.73
10/13/17,1704.77
10/16/17,1710.94
10/17/17,1689.83
10/18/17,1678.47
10/19/17,1689.22
10/20/17,1695.96
10/23/17,1700.49
10/24/17,1699.87
10/25/17,1717.85
10/26/17,1712.62
10/27/17,1709.91
10/30/17,1720.43
10/31/17,1718.46
11/1/17,1725.13
11/2/17,1718.2
11/3/17,1701.21
11/6/17,1709.48
11/7/17,1711.46
11/8/17,1716.05
11/9/17,1715.66
11/10/17,1700.06
11/13/17,1714.5
11/14/17,1718.91
11/15/17,1716.49
11/16/17,1716.29
11/17/17,1740.91
11/20/17,1722.34
11/21/17,1726.04
11/22/17,1727.88
11/23/17,1642.29
11/24/17,1725.08
11/27/17,1741.19
11/28/17,1748.05
11/29/17,1738.58
11/30/17,1731.11
12/1/17,1709.54
12/4/17,1701.51
12/5/17,1687.52
12/6/17,1702.52
12/7/17,1693.65
12/8/17,1686.71
12/11/17,1686.12
12/12/17,1680.9
12/13/17,1683.58
12/14/17,1691.87
12/15/17,1700.84
12/18/17,1711.82
12/19/17,1712.56
12/20/17,1713.81
12/21/17,1702.08
12/22/17,1712.47
12/25/17,1626.65
12/26/17,1717.64
12/27/17,1717.67
12/28/17,1714.93
12/29/17,1731.95
1/1/18,1641.62
1/2/18,1733.11
1/3/18,1741.04
1/4/18,1738.42
1/5/18,1729.09
1/8/18,1728.73
1/9/18,1726.54
1/10/18,1746.8
1/11/18,1746.75
1/12/18,1756.07
1/14/18,1666.13
1/15/18,1667.87
1/16/18,1755.78
1/17/18,1759.83
1/18/18,1742.08
1/19/18,1760.71
1/22/18,1755.6
1/23/18,1757.39
1/24/18,1774.64
1/25/18,1787.89
1/26/18,1765.97
1/29/18,1754.6
1/30/18,1747.87
1/31/18,1749.01
2/1/18,1748.07
2/2/18,1758.05
2/5/18,1771.79
2/6/18,1755.78
2/7/18,1748.11
2/8/18,1758.13
2/9/18,1749.21
2/12/18,1762.35
2/13/18,1769.71
2/14/18,1790.66
2/15/18,1787.12
2/16/18,1799.97
2/18/18,1695.76
2/19/18,1693
2/20/18,1781.94
2/21/18,1792.2
2/22/18,1793.67
2/23/18,1780.22
2/26/18,1792.42
2/27/18,1788.68
2/28/18,1795.84
3/1/18,1779.82
3/2/18,1808.99
3/5/18,1816.15
3/6/18,1823.59
3/7/18,1818.21
3/8/18,1809.78
3/9/18,1802.92
3/12/18,1802.29
3/13/18,1828.6
3/14/18,1824.98
3/15/18,1828.35
3/16/18,1827.5
3/19/18,1831.7
3/20/18,1823.55
3/21/18,1813.21
3/22/18,1826.09
3/23/18,1848.89
3/26/18,1849
3/27/18,1838.19
3/28/18,1819.46
3/29/18,1809.87
4/2/18,1839.88
4/3/18,1812.88
4/4/18,1811.65
4/5/18,1793.86
4/6/18,1808.64
4/9/18,1801.4
4/10/18,1795.44
4/11/18,1810.29
4/12/18,1787.57
4/13/18,1799.82
4/16/18,1796.43
4/17/18,1792.1
4/18/18,1809.17
4/19/18,1809.17
4/20/18,1808.35
4/23/18,1802.88
4/24/18,1812.24
4/25/18,1800.54
4/26/18,1797.48
4/27/18,1799.36
4/30/18,1795.66
5/1/18,1780.03
5/2/18,1783.43
5/3/18,1787.51
5/4/18,1790.47
5/7/18,1794.67
5/8/18,1803.68
5/9/18,1789.2
5/10/18,1788.71
5/11/18,1790.2
5/14/18,1789.75
5/15/18,1762.1
5/16/18,1752.72
5/17/18,1752.59
5/18/18,1764.65
5/21/18,1751.31
5/22/18,1757.08
5/23/18,1755.55
5/24/18,1781.89
5/25/18,1792.84
5/27/18,1684.14
5/28/18,1685.63
5/29/18,1788.7
5/30/18,1772.53
5/31/18,1782.04
6/1/18,1774.18
6/4/18,1770.24
6/5/18,1782.23
6/6/18,1777.76
6/7/18,1782.85
6/8/18,1776.63
6/11/18,1784.97
6/12/18,1785.5
6/13/18,1783.53
6/14/18,1808.96
6/15/18,1781.49
6/18/18,1783.39
6/19/18,1792.24
6/20/18,1790.87
6/21/18,1785.38
6/22/18,1780.09
6/25/18,1780.61
6/26/18,1769.73
6/27/18,1768.31
6/28/18,1748.61
6/29/18,1738.54
7/2/18,1727.19
7/3/18,1737.49
7/4/18,1653.44
7/5/18,1743.63
7/6/18,1733.12
7/9/18,1742.04
7/10/18,1737.38
7/11/18,1734.42
7/12/18,1730.33
7/13/18,1723.48
7/16/18,1718.11
7/17/18,1708.35
7/18/18,1706.4
7/19/18,1712.98
7/20/18,1706.08
7/23/18,1700.96
7/24/18,1698.63
7/25/18,1692.37
7/26/18,1688.59
7/27/18,1682.68
7/30/18,1678.79
7/31/18,1677.81
8/1/18,1669.83
8/2/18,1661.63
8/3/18,1662.12
8/6/18,1656.31
8/7/18,1663.36
8/8/18,1662.85
8/9/18,1665.01
8/10/18,1675.47
8/13/18,1647.23
8/14/18,1639.9
8/15/18,1629.39
8/16/18,1629.36
8/17/18,1618
8/20/18,1629.18
8/21/18,1634.6
8/22/18,1634
8/23/18,1631.34
8/24/18,1650.12
8/27/18,1646.74
8/28/18,1639.98
8/29/18,1632.39
8/30/18,1632.79
8/31/18,1642.11
9/2/18,1570.93
9/3/18,1579.34
9/4/18,1651.06
9/5/18,1652.92
9/6/18,1652.21
9/7/18,1649.65
9/10/18,1649.86
9/11/18,1641.19
9/12/18,1644.27
9/13/18,1640.71
9/14/18,1635.61
9/17/18,1642.89
9/18/18,1630.43
9/19/18,1630.76
9/20/18,1633.03
9/21/18,1621.46
9/24/18,1630.52
9/25/18,1631.14
9/26/18,1631.3
9/27/18,1618.41
9/28/18,1612.98
10/1/18,1596.31
10/2/18,1617.26
10/3/18,1617.94
10/4/18,1623.29
10/5/18,1631.05
10/8/18,1612.42
10/9/18,1613.67
10/10/18,1630.95
10/11/18,1671.14
10/12/18,1662.46
10/15/18,1670.26
10/16/18,1663.22
10/17/18,1669.18
10/18/18,1681.89
10/19/18,1681.95
10/22/18,1676.93
10/23/18,1690.92
10/24/18,1678.89
10/25/18,1682.66
10/26/18,1691.61
10/29/18,1684.09
10/30/18,1677.46
10/31/18,1669.56
11/1/18,1692.01
11/2/18,1688.69
11/5/18,1687.73
11/6/18,1681.63
11/7/18,1683.23
11/8/18,1684.16
11/9/18,1668.82
11/12/18,1666.09
11/13/18,1662.21
11/14/18,1674.04
11/15/18,1673.34
11/16/18,1678.98
11/19/18,1685.72
11/20/18,1697.31
11/21/18,1697.41
11/22/18,1619.63
11/23/18,1692.08
11/26/18,1693.48
11/27/18,1686.74
11/28/18,1696.75
11/29/18,1698.9
11/30/18,1694.99
12/3/18,1700.32
12/4/18,1718.66
12/5/18,1725.03
12/6/18,1729.46
12/7/18,1734.25
12/10/18,1738.41
12/11/18,1735.4
12/12/18,1734.18
12/13/18,1730.71
12/14/18,1726.81
12/17/18,1743.3
12/18/18,1752.52
12/19/18,1758.9
12/20/18,1778.17
12/21/18,1776.42
12/24/18,1796.05
12/25/18,1727.03
12/26/18,1793.43
12/27/18,1810.7
12/28/18,1815.88
12/31/18,1814.24
1/1/19,1750.34
1/2/19,1809.64
1/3/19,1812.49
1/4/19,1785.21
1/7/19,1780.59
1/8/19,1772.07
1/9/19,1771.36
1/10/19,1769.42
1/11/19,1776.6
1/14/19,1781.59
1/15/19,1774.34
1/16/19,1780.36
1/17/19,1781.33
1/18/19,1765.98
1/20/19,1699.88
1/21/19,1700.19
1/22/19,1778.88
1/23/19,1778.42
1/24/19,1773.73
1/25/19,1780.7
1/28/19,1793.82
1/29/19,1802.71
1/30/19,1787.11
1/31/19,1794.91
2/1/19,1788.29
2/4/19,1785.79
2/5/19,1788.29
2/6/19,1794
2/7/19,1806.15
2/8/19,1808.13
2/11/19,1802.71
2/12/19,1796.53
2/13/19,1800.77
2/14/19,1803.93
2/15/19,1808.08
2/17/19,1753.97
2/18/19,1760.53
2/19/19,1833.05
2/20/19,1832.41
2/21/19,1813.18
2/22/19,1807.28
2/25/19,1810.05
2/26/19,1805.87
2/27/19,1794.47
2/28/19,1789.04
3/1/19,1783.81
3/4/19,1768.79
3/5/19,1770.96
3/6/19,1787.61
3/7/19,1787.14
3/8/19,1800.11
3/11/19,1785.83
3/12/19,1789.16
3/13/19,1798.27
3/14/19,1782.77
3/15/19,1792.8
3/18/19,1791.2
3/19/19,1796.59
3/20/19,1787.52
3/21/19,1802.27
3/22/19,1817.91
3/25/19,1828.28
3/26/19,1815.42
3/27/19,1812.12
3/28/19,1787.26
3/29/19,1779.66
4/1/19,1769.36
4/2/19,1774.74
4/3/19,1775.79
4/4/19,1776.22
4/5/19,1781.69
4/8/19,1780.83
4/9/19,1791.15
4/10/19,1797.52
4/11/19,1778.98
4/12/19,1773.54
4/15/19,1774.02
4/16/19,1753.27
4/17/19,1750.93
4/18/19,1754.68
4/19/19,1711.4
4/22/19,1752.84
4/23/19,1756.64
4/24/19,1774.02
4/25/19,1773.46
4/26/19,1781.75
4/29/19,1772.01
4/30/19,1767.77
5/1/19,1773.49
5/2/19,1761.62
5/3/19,1767.28
5/6/19,1773.94
5/7/19,1779.71
5/8/19,1774.5
5/9/19,1779.49
5/10/19,1773.47
5/13/19,1799.87
5/14/19,1789.74
5/15/19,1788.09
5/16/19,1776.28
5/17/19,1761.54
5/20/19,1760.2
5/21/19,1752.11
5/22/19,1756.78
5/23/19,1776.61
5/24/19,1769.79
5/26/19,1725.78
5/27/19,1727.32
5/28/19,1767.67
5/29/19,1775.96
5/30/19,1781.72
5/31/19,1807.97
6/3/19,1818.35
6/4/19,1814.12
6/5/19,1822.91
6/6/19,1826.43
6/7/19,1817.99
6/10/19,1797.29
6/11/19,1801.99
6/12/19,1817.85
6/13/19,1824.09
6/14/19,1836.91
6/17/19,1834.12
6/18/19,1840.13
6/19/19,1824.04
6/20/19,1873.25
6/21/19,1882.31
6/24/19,1899.58
6/25/19,1898.35
6/26/19,1888.42
6/27/19,1879.53
6/28/19,1882.04
7/1/19,1857.22
7/2/19,1878
7/3/19,1888.11
7/4/19,1858.18
7/5/19,1865.91
7/8/19,1868.27
7/9/19,1873.98
7/10/19,1883.7
7/11/19,1875.78
7/12/19,1876.73
7/15/19,1881.12
7/16/19,1883.65
7/17/19,1894.3
7/18/19,1897.1
7/19/19,1900.08
7/22/19,1909.21
7/23/19,1904.39
7/24/19,1908.4
7/25/19,1899.57
7/26/19,1906.65
7/29/19,1907.6
7/30/19,1916.51
7/31/19,1917.56
8/1/19,1913.59
8/2/19,1945.19
8/5/19,1970.4
8/6/19,1990.17
8/7/19,2039.9
8/8/19,2015.61
8/9/19,2014.95
8/12/19,2028.33
8/13/19,2022.35
8/14/19,2055.01
8/15/19,2057.63
8/16/19,2041.41
8/19/19,2033.58
8/20/19,2037.82
8/21/19,2034.02
8/22/19,2026.61
8/23/19,2062.03
8/26/19,2057.4
8/27/19,2081.55
8/28/19,2081.84
8/29/19,2062.71
8/30/19,2057.37
9/1/19,2047.46
9/2/19,2046.05
9/3/19,2095.87
9/4/19,2084.37
9/5/19,2038.76
9/6/19,2017.26
9/9/19,2011.59
9/10/19,1993.42
9/11/19,2005.28
9/12/19,2013.87
9/13/19,2015.41
9/16/19,2023.7
9/17/19,2027.15
9/18/19,2036.4
9/19/19,2020.16
9/20/19,2031.56
9/23/19,2053.71
9/24/19,2061.84
9/25/19,2028.53
9/26/19,2032.64
9/27/19,2017.62
9/30/19,1972.72
10/1/19,1990.48
10/2/19,2031.18
10/3/19,2040.68
10/4/19,2036.48
10/7/19,2024.35
10/8/19,2026.52
10/9/19,2039.6
10/10/19,2017.68
10/11/19,1986.8
10/14/19,2003.97
10/15/19,1980.46
10/16/19,1994.72
10/17/19,1990.41
10/18/19,1982.41
10/21/19,1969.11
10/22/19,1968.97
10/23/19,1976.22
10/24/19,1988.37
10/25/19,1987.47
10/28/19,1974.68
10/29/19,1972.91
10/30/19,1991.58
10/31/19,2015.4
11/1/19,2007.88
11/4/19,2009.99
11/5/19,1974.61
11/6/19,1991.17
11/7/19,1954.42
11/8/19,1957.67
11/11/19,1950.26
11/12/19,1946.14
11/13/19,1961.57
11/14/19,1974.7
11/15/19,1964.69
11/18/19,1966.72
11/19/19,1979.17
11/20/19,1984.17
11/21/19,1967.72
11/22/19,1970.2
11/25/19,1961.3
11/26/19,1961.25
11/27/19,1953.65
11/28/19,1941.64
11/29/19,1969.2
12/2/19,1968.33
12/3/19,1987.5
12/4/19,1967.79
12/5/19,1967.85
12/6/19,1956.52
12/9/19,1953.66
12/10/19,1956.08
12/11/19,1957.32
12/12/19,1955.31
12/13/19,1965.1
12/16/19,1961.86
12/17/19,1963.28
12/18/19,1953.97
12/19/19,1963.11
12/20/19,1961.61
12/23/19,1971.48
12/24/19,1996.05
12/25/19,1979.27
12/26/19,2002.23
12/27/19,2000.39
12/30/19,1999.61
12/31/19,1993.38
1/1/20,1975
1/2/20,1999.35
1/3/20,2033.93
1/6/20,2049.66
1/7/20,2062.81
1/8/20,2050.2
1/9/20,2044.64
1/10/20,2051.81
1/13/20,2040.34
1/14/20,2032.78
1/15/20,2041.73
1/16/20,2037.3
1/17/20,2053.95
1/19/20,2034.03
1/20/20,2037.12
1/21/20,2051.62
1/22/20,2060.55
1/23/20,2069.95
1/24/20,2081.89
1/27/20,2097.24
1/28/20,2080.91
1/29/20,2087.9
1/30/20,2106.86
1/31/20,2109.32
2/3/20,2110.14
2/4/20,2072.47
2/5/20,2083.27
2/6/20,2093.25
2/7/20,2102.24
2/10/20,2111.05
2/11/20,2093.66
2/12/20,2089.69
2/13/20,2102.3
2/14/20,2109.59
2/16/20,2102.11
2/17/20,2100.38
2/18/20,2133.78
2/19/20,2138.42
2/20/20,2156.48
2/21/20,2188.62
2/24/20,2236.64
2/25/20,2198.65
2/26/20,2198.24
2/27/20,2207.02
2/28/20,2106.12
3/2/20,2130.96
3/3/20,2207.36
3/4/20,2205.09
3/5/20,2242.19
3/6/20,2250.1
3/9/20,2300.08
3/10/20,2282.56
3/11/20,2267.02
3/12/20,2218.32
3/13/20,2097.6
3/16/20,2086.63
3/17/20,2169.98
3/18/20,2143.93
3/19/20,2151.07
3/20/20,2137.46
3/23/20,2279.94
3/24/20,2405.35
3/25/20,2319.47
3/26/20,2327.31
3/27/20,2312.46
3/30/20,2327.81
3/31/20,2245.25
4/1/20,2258.59
4/2/20,2315.1
4/3/20,2337.31
4/6/20,2390.15
4/7/20,2356.47
4/8/20,2360.62
4/9/20,2449.41
4/10/20,2428.97
4/13/20,2449.11
4/14/20,2455.78
4/15/20,2456.18
4/16/20,2438.33
4/17/20,2378.27
4/20/20,2421.4
4/21/20,2398.47
4/22/20,2461.83
4/23/20,2456.23
4/24/20,2447.95
4/27/20,2418.69
4/28/20,2410.36
4/29/20,2378.4
4/30/20,2362.57
5/1/20,2395.97
5/4/20,2413.1
5/5/20,2402.87
5/6/20,2388.26
5/7/20,2411.35
5/8/20,2387.05
5/11/20,2377.49
5/12/20,2402.93
5/13/20,2420.19
5/14/20,2446.11
5/15/20,2478.2
5/18/20,2417.28
5/19/20,2433.91
5/20/20,2435.84
5/21/20,2402.87
5/22/20,2429.65
5/24/20,2422.86
5/25/20,2415.38
5/26/20,2381.42
5/27/20,2374.59
5/28/20,2378.61
5/29/20,2412.15
6/1/20,2375.54
6/2/20,2345.24